Season,Name,Team,Age,playerid,Pos_Cat
2005,Eddie Rogers,BAL,26,1621,DH
2007,Charlton Jimerson,SEA,27,2171,DH
2017,Erik Kratz,NYY,37,4403,DH
1991,Eric Wedge,BOS,23,1013723,DH
2003,Chris Latham,NYY,30,882,DH
2014,Carlos Rivero,BOS,26,1136,DH
1998,Milt Cuyler,TEX,29,1002915,DH
1998,Keith Johns,BOS,26,1006478,DH
2013,John Hester,LAA,29,877,DH
2020,Luis Campusano,SDP,21,22217,DH
2007,Joe Inglett,TOR,29,7254,DH
2017,Darrell Ceciliani,TOR,27,9954,DH
1995,Brian Giles,CLE,24,990,DH
1982,Greg Walker,CHW,22,1013520,DH
2017,Miguel Andujar,NYY,22,15878,DH
1982,Bob Skube,MIL,24,1012045,DH
2016,Trey Mancini,BAL,24,15149,DH
2021,Seth Beer,ARI,24,20493,DH
1995,Jeromy Burnitz,CLE,26,867,DH
1993,Sam Horn,CLE,29,1006029,DH
2012,Dan Johnson,CHW,32,2167,DH
1993,Steve Balboni,TEX,36,1000473,DH
1992,Rance Mulliniks,TOR,36,1009309,DH
2002,Pat Borders,SEA,39,1068,DH
1987,Tack Wilson,CAL,32,1014106,DH
2001,Erick Almonte,NYY,23,808,DH
2007,Jeff Clement,SEA,23,4652,DH
2011,Esteban German,TEX,33,1449,DH
1984,Mike Laga,DET,24,1007253,DH
1998,Robert Fick,DET,24,466,DH
1996,Luis Ortiz,TEX,26,1009862,DH
1983,Randy Ready,MIL,23,1010738,DH
2002,Juan Diaz,BOS,28,187,DH
2004,Ernie Young,CLE,34,79,DH
2001,Matthew LeCroy,MIN,25,1456,DH
2008,Taylor Teagarden,TEX,24,5199,DH
1998,Chris Tremie,TEX,28,1968,DH
1986,Jay Bell,CLE,20,48,DH
2017,Christian Walker,ARI,26,13419,DH
1999,Darryl Strawberry,NYY,37,1012606,DH
1991,Tim McIntosh,MIL,26,1008574,DH
2022,Matt Carpenter,NYY,36,8090,DH
2009,Wilkin Ramirez,DET,23,5219,DH
1995,Edgar Martinez,SEA,32,1086,DH
1998,Billy Ashley,BOS,27,1000339,DH
1981,Steve Balboni,NYY,24,1000473,DH
1995,Bernardo Brito,MIN,31,1001444,DH
2002,Manny Ramirez,BOS,30,210,DH
1997,Frank Thomas,CHW,29,255,DH
1990,Jeff Stone,BOS,29,1012567,DH
1999,Mike Simms,TEX,32,1011987,DH
1994,Jerry Willard,SEA,34,1013963,DH
1996,Edgar Martinez,SEA,33,1086,DH
2006,Travis Hafner,CLE,29,1573,DH
2003,Felix Jose,ARI,38,1610,DH
1994,Damon Buford,BAL,24,1001635,DH
2007,David Ortiz,BOS,31,745,DH
2007,John-Ford Griffin,TOR,27,2182,DH
1992,Phil Clark,DET,24,1002303,DH
1987,Lou Thornton,TOR,24,1013039,DH
2020,Marcell Ozuna,ATL,29,10324,DH
1991,Frank Thomas,CHW,23,255,DH
2012,Melky Mesa,NYY,25,447,DH
2020,Eduardo Nunez,NYM,33,6848,DH
1995,Frank Thomas,CHW,27,255,DH
2000,Frank Thomas,CHW,32,255,DH
2015,Rico Noel,NYY,26,10585,DH
2002,Jason Giambi,NYY,31,818,DH
2022,David Hensley,HOU,26,25111,DH
2016,Matt Davidson,CHW,25,7226,DH
2012,Bill Hall,BAL,32,1605,DH
2010,Jim Thome,MIN,39,409,DH
2020,Tyler Stephenson,CIN,23,17988,DH
1999,Rafael Palmeiro,TEX,34,1266,DH
1997,Edgar Martinez,SEA,34,1086,DH
1996,Brian Giles,CLE,25,990,DH
1986,Johnny Grubb,DET,37,1005103,DH
1999,Edgar Martinez,SEA,36,1086,DH
1980,Larry Hisle,MIL,33,1005858,DH
1987,Paul Molitor,MIL,30,1009040,DH
2019,Yordan Alvarez,HOU,22,19556,DH
2006,Adam Lind,TOR,22,8027,DH
2009,Randy Ruiz,TOR,31,2761,DH
2005,Joe Borchard,CHW,26,224,DH
1980,Reggie Jackson,NYY,34,1006308,DH
1984,Nelson Simmons,DET,21,1011984,DH
1996,Nigel Wilson,CLE,26,1014099,DH
1997,David Justice,CLE,31,923,DH
2018,J.D. Martinez,BOS,30,6184,DH
2006,David Ortiz,BOS,30,745,DH
2022,Yordan Alvarez,HOU,25,19556,DH
2021,Nick Fortes,MIA,24,21538,DH
2013,Joey Butler,TEX,27,7799,DH
2012,David Ortiz,BOS,36,745,DH
1998,Edgar Martinez,SEA,35,1086,DH
2016,Gary Sanchez,NYY,23,11442,DH
2004,Frank Thomas,CHW,36,255,DH
2008,Milton Bradley,TEX,30,369,DH
2000,Edgar Martinez,SEA,37,1086,DH
2005,Travis Hafner,CLE,28,1573,DH
2011,Jesus Montero,NYY,21,5514,DH
2005,Jason Giambi,NYY,34,818,DH
2006,Jim Thome,CHW,35,409,DH
1998,Mike Simms,TEX,31,1011987,DH
2008,Jason Bourgeois,CHW,26,2225,DH
1989,Ozzie Virgil,TOR,32,1013439,DH
2016,David Ortiz,BOS,40,745,DH
1996,Jose Canseco,BOS,31,1001918,DH
2005,David Ortiz,BOS,29,745,DH
2004,Travis Hafner,CLE,27,1573,DH
2019,Nelson Cruz,MIN,38,2434,DH
1999,John Jaha,OAK,33,1006336,DH
2005,John-Ford Griffin,TOR,25,2182,DH
1988,Ken Phelps,- - -,33,1010277,DH
1995,Keith Miller,KCR,32,1008910,DH
2020,Jorge Ona,SDP,23,20040,DH
2001,Manny Ramirez,BOS,29,210,DH
1996,Reggie Jefferson,BOS,27,1006381,DH
1994,Bob Hamelin,KCR,26,1005269,DH
1998,Eric Davis,BAL,36,1003048,DH
2007,Jim Thome,CHW,36,409,DH
2000,Morgan Burkhart,BOS,28,1745,DH
2020,Nelson Cruz,MIN,39,2434,DH
2014,Victor Martinez,DET,35,393,DH
1994,Chili Davis,CAL,34,1003041,DH
1996,Scott Spiezio,OAK,23,37,DH
1980,Dennis Werth,NYY,27,1013791,DH
1987,Ken Phelps,SEA,32,1010277,DH
1989,Ron Kittle,CHW,31,1006982,DH
2004,Andres Galarraga,ANA,43,1390,DH
2001,Edgar Martinez,SEA,38,1086,DH
2004,David Ortiz,BOS,28,745,DH
2020,Brent Rooker,MIN,25,19627,DH
2020,Jose Iglesias,BAL,30,10231,DH
1980,Oscar Gamble,NYY,30,1004473,DH
1995,Chili Davis,CAL,35,1003041,DH
2011,David Ortiz,BOS,35,745,DH
2006,Jason Giambi,NYY,35,818,DH
1996,John Jaha,MIL,30,1006336,DH
1986,Al Woods,MIN,32,1014234,DH
1986,Ken Phelps,SEA,31,1010277,DH
2006,Greg Dobbs,SEA,27,2158,DH
1998,Tim Salmon,ANA,29,32,DH
1987,Rickey Henderson,NYY,28,194,DH
2000,David Justice,- - -,34,923,DH
2003,Frank Thomas,CHW,35,255,DH
1982,Kevin Rhomberg,CLE,26,1010888,DH
2003,Jason Giambi,NYY,32,818,DH
1996,Dave Nilsson,MIL,26,1009601,DH
2002,Rafael Palmeiro,TEX,37,1266,DH
1984,Kevin Buckley,TEX,25,1001624,DH
1994,Paul Molitor,TOR,37,1009040,DH
1987,Sam Horn,BOS,23,1006029,DH
1983,Chris Nyman,CHW,28,1009669,DH
1988,Carlos Quintana,BOS,22,1010616,DH
1995,Harold Baines,BAL,36,1000434,DH
1993,Paul Molitor,TOR,36,1009040,DH
2003,David Ortiz,BOS,27,745,DH
2000,Mike Sweeney,KCR,26,634,DH
2013,David Ortiz,BOS,37,745,DH
1982,Oscar Gamble,NYY,32,1004473,DH
1995,Jose Canseco,BOS,30,1001918,DH
2000,Rafael Palmeiro,TEX,35,1266,DH
2020,Yordan Alvarez,HOU,23,19556,DH
1992,Danny Tartabull,NYY,29,1012829,DH
2000,Jim Thome,CLE,29,409,DH
2007,Reggie Sanders,KCR,39,1129,DH
1990,Jose Canseco,OAK,25,1001918,DH
1994,Jose Canseco,TEX,29,1001918,DH
2018,Ryan O'Hearn,KCR,24,16442,DH
1988,Kent Hrbek,MIN,28,1006117,DH
2018,Matt Skole,CHW,28,12119,DH
1994,Julio Franco,CHW,35,87,DH
1982,Hal McRae,KCR,36,1008687,DH
2015,Ryan Raburn,CLE,34,2218,DH
1984,Cliff Johnson,TOR,36,1006437,DH
2007,Jack Cust,OAK,28,1564,DH
1980,Champ Summers,DET,34,1012718,DH
2007,Vladimir Guerrero,LAA,32,778,DH
2000,Olmedo Saenz,OAK,29,937,DH
2015,Nelson Cruz,SEA,34,2434,DH
2012,Edwin Encarnacion,TOR,29,2151,DH
2002,Josh Phelps,TOR,24,1318,DH
2009,Adam Lind,TOR,25,8027,DH
2015,Alfredo Marte,LAA,26,5212,DH
2020,Jesse Winker,CIN,26,13590,DH
1999,Harold Baines,- - -,40,1000434,DH
2001,Rafael Palmeiro,TEX,36,1266,DH
1994,Reggie Jefferson,SEA,25,1006381,DH
1999,Craig Grebeck,TOR,34,1004982,DH
2020,Austin Slater,SFG,27,16153,DH
1995,Mickey Tettleton,TEX,34,1012939,DH
1998,Homer Bush,NYY,25,1425,DH
1984,Mike Easler,BOS,33,1003635,DH
1984,Ken Phelps,SEA,29,1010277,DH
1999,Mike Sweeney,KCR,25,634,DH
2021,Shohei Ohtani,LAA,26,19755,DH
1993,Warren Newson,CHW,28,1009549,DH
2022,Brian O'Keefe,SEA,28,16680,DH
1999,Jose Canseco,TBD,34,1001918,DH
2003,Nick Johnson,NYY,24,828,DH
1992,Eric Wedge,BOS,24,1013723,DH
1999,Brian Daubach,BOS,27,186,DH
1986,Ron Hassey,- - -,33,1005479,DH
1986,Darrell Porter,TEX,34,1010450,DH
2015,Miguel Sano,MIN,22,12164,DH
2004,Erubiel Durazo,OAK,29,1413,DH
2006,Frank Thomas,OAK,38,255,DH
2015,Edwin Encarnacion,TOR,32,2151,DH
1982,Don Money,MIL,35,1009052,DH
1991,Paul Molitor,MIL,34,1009040,DH
1991,Chili Davis,MIN,31,1003041,DH
1996,Harold Baines,CHW,37,1000434,DH
1993,Harold Baines,BAL,34,1000434,DH
2018,Shohei Ohtani,LAA,23,19755,DH
2000,Glenallen Hill,- - -,35,1005820,DH
1989,Mickey Tettleton,BAL,28,1012939,DH
2004,Mickey Lopez,SEA,30,2283,DH
1996,Kevin Seitzer,- - -,34,1011730,DH
2014,Edwin Encarnacion,TOR,31,2151,DH
1989,Dwight Evans,BOS,37,1003865,DH
1997,Mike Stanley,- - -,34,1012416,DH
2000,David Segui,- - -,33,169,DH
1982,Jeff Burroughs,OAK,31,1001731,DH
1987,Hal McRae,KCR,41,1008687,DH
2017,Rob Brantly,CHW,27,10655,DH
2014,Jose Pirela,NYY,24,5485,DH
2013,Edwin Encarnacion,TOR,30,2151,DH
1988,Rance Mulliniks,TOR,32,1009309,DH
2003,Edgar Martinez,SEA,40,1086,DH
1980,Jason Thompson,- - -,25,1013014,DH
1987,Brian Downing,CAL,36,1003451,DH
2004,Troy Glaus,ANA,27,15,DH
1999,David Justice,CLE,33,923,DH
2010,Luke Scott,BAL,32,3469,DH
2005,Jonny Gomes,TBD,24,1845,DH
2003,Aaron Miles,CHW,26,1844,DH
2008,Aubrey Huff,BAL,31,1213,DH
2002,Ellis Burks,CLE,37,372,DH
2019,J.D. Martinez,BOS,31,6184,DH
1992,Dave Winfield,TOR,40,1014127,DH
1997,Juan Gonzalez,TEX,27,1251,DH
1981,Richie Zisk,SEA,32,1014455,DH
2017,Nelson Cruz,SEA,36,2434,DH
1999,Frank Thomas,CHW,31,255,DH
2009,Jason Kubel,MIN,27,2161,DH
1987,Larry Herndon,DET,33,1005717,DH
1998,Reggie Jefferson,BOS,29,1006381,DH
2011,Paul Konerko,CHW,35,242,DH
1998,Bubba Trammell,TBD,26,1057,DH
1995,Eddie Murray,CLE,39,1009386,DH
2006,Alexi Casilla,MIN,21,5248,DH
2017,Adrian Beltre,TEX,38,639,DH
1997,Kimera Bartee,DET,24,1000622,DH
1995,Juan Gonzalez,TEX,25,1251,DH
1992,Brian Downing,TEX,41,1003451,DH
2010,Manny Ramirez,- - -,38,210,DH
2001,Ellis Burks,CLE,36,372,DH
2000,Izzy Alcantara,BOS,27,1558,DH
2016,Nelson Cruz,SEA,35,2434,DH
1994,Kirk Gibson,DET,37,1004669,DH
2013,Joe Mauer,MIN,30,1857,DH
1981,Greg Luzinski,CHW,30,1007855,DH
2007,Hank Blalock,TEX,26,1419,DH
1996,Curtis Pride,DET,27,1762,DH
2010,David Ortiz,BOS,34,745,DH
2001,Mike Sweeney,KCR,27,634,DH
2002,Edgar Martinez,SEA,39,1086,DH
1997,Chili Davis,KCR,37,1003041,DH
2018,Steve Pearce,- - -,35,9957,DH
1987,Cecil Fielder,TOR,23,1004026,DH
1997,Juan Samuel,TOR,36,1011400,DH
1989,Harold Baines,- - -,30,1000434,DH
2006,Greg Norton,TBD,33,1388,DH
2013,Danny Valencia,BAL,28,6364,DH
2008,Oscar Salazar,BAL,30,495,DH
2021,George Springer,TOR,31,12856,DH
2006,Hideki Matsui,NYY,32,1659,DH
1981,Jim Maler,SEA,22,1008017,DH
2003,Dmitri Young,DET,29,505,DH
1994,Greg Pirkl,SEA,23,1010367,DH
1982,Andre Thornton,CLE,32,1013037,DH
1998,Darryl Strawberry,NYY,36,1012606,DH
1987,Fred McGriff,TOR,23,293,DH
1988,John Rabb,SEA,28,1010625,DH
2022,Albert Pujols,STL,42,1177,DH
1994,Jim Leyritz,NYY,30,1007590,DH
2003,Juan Gonzalez,TEX,33,1251,DH
1998,Matt Stairs,OAK,30,1384,DH
1996,Chili Davis,CAL,36,1003041,DH
2003,Brad Fullmer,ANA,28,13,DH
1997,Eric Davis,BAL,35,1003048,DH
2019,Austin Meadows,TBR,24,15672,DH
2009,Hideki Matsui,NYY,35,1659,DH
2000,Mike Kinkade,- - -,27,660,DH
2019,Giancarlo Stanton,NYY,29,4949,DH
2020,Giancarlo Stanton,NYY,30,4949,DH
2005,David Dellucci,TEX,31,1402,DH
1985,Mark Funderburk,MIN,28,1004405,DH
2015,David Ortiz,BOS,39,745,DH
1994,Edgar Martinez,SEA,31,1086,DH
1999,Luis Polonia,DET,35,1010427,DH
1980,Steve Kemp,DET,25,1006827,DH
2012,Evan Longoria,TBR,26,9368,DH
1993,Chip Hale,MIN,28,1005220,DH
2019,Jorge Soler,KCR,27,14221,DH
1983,Cliff Johnson,TOR,35,1006437,DH
1998,Midre Cummings,BOS,26,1927,DH
1986,Tom Dodd,BAL,27,1003350,DH
1987,Darrell Evans,DET,40,1003864,DH
1992,Paul Molitor,MIL,35,1009040,DH
2003,Jack Cust,BAL,24,1564,DH
2002,Aubrey Huff,TBD,25,1213,DH
2019,Hunter Pence,TEX,36,8252,DH
1995,Jeff Grotewold,KCR,29,1005093,DH
2018,Tyler White,HOU,27,15564,DH
2012,Billy Butler,KCR,26,7399,DH
2002,Brad Fullmer,ANA,27,13,DH
1980,Joe Charboneau,CLE,25,1002156,DH
2020,Robinson Cano,NYM,37,3269,DH
1991,Jack Clark,BOS,35,1002288,DH
2012,Jonny Gomes,OAK,31,1845,DH
1991,Albert Belle,CLE,24,1000802,DH
2014,Adam Lind,TOR,30,8027,DH
2000,Brad Fullmer,TOR,25,13,DH
1994,Geronimo Berroa,OAK,29,1000900,DH
1990,Brian Downing,CAL,39,1003451,DH
1984,Dan Meyer,OAK,31,1008824,DH
1993,Danny Tartabull,NYY,30,1012829,DH
1998,Frank Thomas,CHW,30,255,DH
1985,Mike Young,BAL,25,1014386,DH
2007,Shelley Duncan,NYY,27,3620,DH
2012,Joe Mauer,MIN,29,1857,DH
1995,George Williams,OAK,26,1013999,DH
1997,Dan Rohrmeier,SEA,31,1011149,DH
1991,Cecil Fielder,DET,27,1004026,DH
1992,Mickey Tettleton,DET,31,1012939,DH
1999,Wil Cordero,CLE,27,770,DH
2019,Nick Solak,TEX,24,19294,DH
2000,Billy McMillon,DET,28,834,DH
1995,Juan Samuel,- - -,34,1011400,DH
1988,Ron Kittle,CLE,30,1006982,DH
2008,Vladimir Guerrero,LAA,33,778,DH
1998,Jim Leyritz,- - -,34,1007590,DH
1996,Geronimo Berroa,OAK,31,1000900,DH
1983,Greg Luzinski,CHW,32,1007855,DH
2002,Raul Ibanez,KCR,30,607,DH
1980,Terry Crowley,BAL,33,1002829,DH
2010,Jack Cust,OAK,31,1564,DH
1980,Otto Velez,TOR,29,1013399,DH
1987,Jim Dwyer,BAL,37,1003608,DH
2005,Frank Thomas,CHW,37,255,DH
1992,Troy Neel,OAK,26,1009480,DH
1992,Reggie Jefferson,CLE,23,1006381,DH
1984,Andre Thornton,CLE,34,1013037,DH
1980,Jose Morales,MIN,35,1009139,DH
2007,Frank Thomas,TOR,39,255,DH
2016,Edwin Encarnacion,TOR,33,2151,DH
2017,Edwin Encarnacion,CLE,34,2151,DH
2019,Mike Ford,NYY,26,15585,DH
2008,Jack Cust,OAK,29,1564,DH
1996,Paul Molitor,MIN,39,1009040,DH
2008,David Ortiz,BOS,32,745,DH
2003,Mike Sweeney,KCR,29,634,DH
1983,Don Baylor,NYY,34,1000700,DH
1988,Paul Molitor,MIL,31,1009040,DH
2000,Greg Vaughn,TBD,34,1233,DH
2012,John Jaso,SEA,28,5887,DH
2006,Marcus Thames,DET,29,1523,DH
1999,Paul Konerko,CHW,23,242,DH
1991,Harold Baines,OAK,32,1000434,DH
1982,Greg Luzinski,CHW,31,1007855,DH
1997,Bob Hamelin,DET,29,1005269,DH
2006,Jeremy Brown,OAK,26,4512,DH
1981,Ken Singleton,BAL,34,1012011,DH
1991,Brian Downing,TEX,40,1003451,DH
2012,Paul Konerko,CHW,36,242,DH
2008,Jim Thome,CHW,37,409,DH
1984,Johnny Grubb,DET,35,1005103,DH
1999,Mo Vaughn,ANA,31,899,DH
2022,William Contreras,ATL,24,20503,DH
1988,Eddie Murray,BAL,32,1009386,DH
2022,Eloy Jimenez,CHW,25,17484,DH
2000,Rob Ryan,ARI,27,1011350,DH
1993,Troy Neel,OAK,27,1009480,DH
2016,Carlos Santana,CLE,30,2396,DH
2014,Nelson Cruz,BAL,33,2434,DH
2022,Kris Bryant,COL,30,15429,DH
1986,Larry Parrish,TEX,32,1010020,DH
1993,Greg Vaughn,MIL,27,1233,DH
2022,Shohei Ohtani,LAA,27,19755,DH
2021,Giancarlo Stanton,NYY,31,4949,DH
2021,Yordan Alvarez,HOU,24,19556,DH
1990,Rance Mulliniks,TOR,34,1009309,DH
2011,Michael Young,TEX,34,1286,DH
2022,Bryce Harper,PHI,29,11579,DH
2001,Jeremy Giambi,OAK,26,913,DH
2020,Rowdy Tellez,TOR,25,15679,DH
2014,David Ortiz,BOS,38,745,DH
2011,Victor Martinez,DET,32,393,DH
2000,Bubba Carpenter,COL,31,1001977,DH
2003,Rafael Palmeiro,TEX,38,1266,DH
1998,Calvin Pickering,BAL,21,208,DH
2017,Nicky Delmonico,CHW,24,13157,DH
2007,Gary Sheffield,DET,38,114,DH
1983,Hal McRae,KCR,37,1008687,DH
2013,Adam Lind,TOR,29,8027,DH
1988,Jack Clark,NYY,32,1002288,DH
1985,Reggie Jackson,CAL,39,1006308,DH
2009,Jim Thome,- - -,38,409,DH
2001,Ruben Sierra,TEX,35,1099,DH
1980,Rusty Staub,TEX,36,1012440,DH
2004,David Segui,BAL,37,169,DH
1982,Richie Zisk,SEA,33,1014455,DH
1997,John Jaha,MIL,31,1006336,DH
1996,Bob Hamelin,KCR,28,1005269,DH
1990,Juan Gonzalez,TEX,20,1251,DH
1992,Chili Davis,MIN,32,1003041,DH
2018,Ji-Man Choi,- - -,27,5452,DH
1989,Danny Tartabull,KCR,26,1012829,DH
1984,Don Baylor,NYY,35,1000700,DH
2010,Marcus Thames,NYY,33,1523,DH
1981,Roy Smalley,MIN,28,1012078,DH
1998,Mike Stanley,- - -,35,1012416,DH
1983,Ken Singleton,BAL,36,1012011,DH
1997,Geronimo Berroa,- - -,32,1000900,DH
2000,Russell Branyan,CLE,24,370,DH
1990,Dan Pasqua,CHW,28,1010044,DH
2018,Khris Davis,OAK,30,9112,DH
2020,Garrett Cooper,MIA,29,15279,DH
1983,Oscar Gamble,NYY,33,1004473,DH
2009,Joe Dillon,TBR,33,2384,DH
2022,Vinnie Pasquantino,KCR,24,27676,DH
2005,Mike Sweeney,KCR,31,634,DH
1990,Alvin Davis,SEA,29,1003033,DH
1997,Lee Stevens,TEX,29,796,DH
2003,Tim Salmon,ANA,34,32,DH
1996,Bobby Bonilla,BAL,33,1001168,DH
2020,Luis Gonzalez,CHW,24,20332,DH
2013,Carlos Santana,CLE,27,2396,DH
1980,Eric Soderholm,NYY,31,1012260,DH
2021,J.D. Martinez,BOS,33,6184,DH
2015,John Jaso,TBR,31,5887,DH
1991,Monty Fariss,TEX,23,1003930,DH
2015,Kendrys Morales,KCR,32,8610,DH
1980,Benny Ayala,BAL,29,1000383,DH
2011,Jim Thome,- - -,40,409,DH
1983,Johnny Grubb,DET,34,1005103,DH
2010,Vladimir Guerrero,TEX,35,778,DH
1996,Carlos Delgado,TOR,24,1297,DH
1991,Sam Horn,BAL,27,1006029,DH
1983,Andre Thornton,CLE,33,1013037,DH
1980,Hal McRae,KCR,34,1008687,DH
1981,Oscar Gamble,NYY,31,1004473,DH
2001,Jose Canseco,CHW,36,1001918,DH
1990,Harold Baines,- - -,31,1000434,DH
1993,Tim Naehring,BOS,26,1009433,DH
1990,Danny Tartabull,KCR,27,1012829,DH
2019,Edwin Encarnacion,- - -,36,2151,DH
2002,Ray Durham,- - -,30,230,DH
1989,Jim Dwyer,- - -,39,1003608,DH
2020,Michael Brantley,HOU,33,4106,DH
2001,Tony Clark,DET,29,182,DH
2005,Casey Kotchman,LAA,22,1930,DH
2007,Travis Hafner,CLE,30,1573,DH
2000,Jose Canseco,- - -,35,1001918,DH
2020,Ty France,- - -,25,17982,DH
1998,David Justice,CLE,32,923,DH
2002,Frank Thomas,CHW,34,255,DH
1999,Marty Cordova,MIN,29,132,DH
1988,Brian Downing,CAL,37,1003451,DH
2009,Mitch Jones,LAD,31,3006,DH
2015,Jose Abreu,CHW,28,15676,DH
2014,Terrance Gore,KCR,23,13658,DH
2015,Alex Rodriguez,NYY,39,1274,DH
2018,Nelson Cruz,SEA,37,2434,DH
1981,Cliff Johnson,OAK,33,1006437,DH
2001,Raul Ibanez,KCR,29,607,DH
1994,Harold Baines,BAL,35,1000434,DH
1997,Harold Baines,- - -,38,1000434,DH
2015,Prince Fielder,TEX,31,4613,DH
1981,Bobby Murcer,NYY,35,1009338,DH
1996,Darryl Strawberry,NYY,34,1012606,DH
2004,Midre Cummings,TBD,32,1927,DH
2005,Rondell White,DET,33,856,DH
1987,Harold Baines,CHW,28,1000434,DH
1995,Pedro Munoz,MIN,26,1009331,DH
1995,John Kruk,CHW,34,1007184,DH
2019,Luke Voit,NYY,28,14811,DH
2018,Giancarlo Stanton,NYY,28,4949,DH
1997,Reggie Jefferson,BOS,28,1006381,DH
2008,Kila Ka'aihue,KCR,24,4707,DH
2022,Stone Garrett,ARI,26,19273,DH
1998,Chili Davis,NYY,38,1003041,DH
1980,Carl Yastrzemski,BOS,40,1014326,DH
1982,Benny Ayala,BAL,31,1000383,DH
2003,Josh Phelps,TOR,25,1318,DH
2008,Rocco Baldelli,TBR,26,1656,DH
2002,David Ortiz,MIN,26,745,DH
2010,Travis Hafner,CLE,33,1573,DH
1987,Ron Kittle,NYY,29,1006982,DH
2000,Juan Gonzalez,DET,30,1251,DH
2003,Matthew LeCroy,MIN,27,1456,DH
1994,Troy Neel,OAK,28,1009480,DH
1994,Danny Tartabull,NYY,31,1012829,DH
1986,Jim Dwyer,BAL,36,1003608,DH
2016,Carlos Beltran,- - -,39,589,DH
2002,Scott Hatteberg,OAK,32,916,DH
2016,Mark Trumbo,BAL,30,6876,DH
1985,Mel Hall,CLE,24,1005259,DH
2004,Mike Sweeney,KCR,30,634,DH
1995,Darryl Strawberry,NYY,33,1012606,DH
2010,Hideki Matsui,LAA,36,1659,DH
2002,Shannon Stewart,TOR,28,1322,DH
1989,Lee Mazzilli,- - -,34,1008318,DH
1998,Harold Baines,BAL,39,1000434,DH
1984,Dave Kingman,OAK,35,1006939,DH
2010,Jorge Posada,NYY,38,841,DH
2004,Bucky Jacobsen,SEA,28,2368,DH
1999,Butch Huskey,- - -,27,1006228,DH
1990,Sam Horn,BAL,26,1006029,DH
2022,Willson Contreras,CHC,30,11609,DH
2000,Mark Quinn,KCR,26,621,DH
2005,Matt Stairs,KCR,37,1384,DH
1993,Carlos Delgado,TOR,21,1297,DH
1996,Cecil Fielder,- - -,32,1004026,DH
1982,Mitchell Page,OAK,30,1009954,DH
2009,Travis Hafner,CLE,32,1573,DH
1981,Benny Ayala,BAL,30,1000383,DH
1985,Ken Phelps,SEA,30,1010277,DH
2001,Brian Buchanan,MIN,27,720,DH
1980,Richie Zisk,TEX,31,1014455,DH
2022,Byron Buxton,MIN,28,14161,DH
2009,Luke Scott,BAL,31,3469,DH
2018,Shin-Soo Choo,TEX,35,3174,DH
1985,Daryl Sconiers,CAL,26,1011670,DH
1987,Darrell Porter,TEX,35,1010450,DH
1986,Darrell Evans,DET,39,1003864,DH
1985,Jeff Burroughs,TOR,34,1001731,DH
1995,Rudy Pemberton,DET,25,1010139,DH
1996,Mickey Tettleton,TEX,35,1012939,DH
1982,Carl Yastrzemski,BOS,42,1014326,DH
1999,Chili Davis,NYY,39,1003041,DH
1998,Lee Stevens,TEX,30,796,DH
1990,John Olerud,TOR,21,1093,DH
1998,Tim Raines,NYY,38,1406,DH
1998,Jose Canseco,TOR,33,1001918,DH
1983,Dave Engle,MIN,26,1003781,DH
1981,Otto Velez,TOR,30,1013399,DH
2021,Franmil Reyes,CLE,25,14566,DH
2000,David Ortiz,MIN,24,745,DH
2003,Greg Vaughn,COL,37,1233,DH
2011,Travis Hafner,CLE,34,1573,DH
2004,David Newhan,BAL,30,2009,DH
1995,Kirk Gibson,DET,38,1004669,DH
1995,Cecil Fielder,DET,31,1004026,DH
1991,Kevin Reimer,TEX,27,1010807,DH
2004,Calvin Pickering,KCR,27,208,DH
1992,Albert Belle,CLE,25,1000802,DH
1996,Norberto Martin,CHW,29,1008185,DH
1997,Jack Howell,ANA,35,1006099,DH
1993,Julio Franco,TEX,34,87,DH
2009,Julio Borbon,TEX,23,3209,DH
1984,Larry Parrish,TEX,30,1010020,DH
1986,Dave Clark,CLE,23,1002277,DH
1985,Hal McRae,KCR,39,1008687,DH
2019,Shin-Soo Choo,TEX,36,3174,DH
2022,Mark Mathias,- - -,27,18032,DH
1992,Jim Leyritz,NYY,28,1007590,DH
2005,Jay Gibbons,BAL,28,141,DH
1987,Pat Tabler,CLE,29,1012806,DH
2006,Tim Salmon,LAA,37,32,DH
2021,Josh Donaldson,MIN,35,5038,DH
2011,Billy Butler,KCR,25,7399,DH
1983,Ted Simmons,MIL,33,1011986,DH
2019,Shohei Ohtani,LAA,24,19755,DH
2016,Kennys Vargas,MIN,25,12101,DH
2003,Marty Cordova,BAL,33,132,DH
2022,George Springer,TOR,32,12856,DH
1995,Geronimo Berroa,OAK,30,1000900,DH
2005,Lenny Harris,FLA,40,1394,DH
2001,Mario Valdez,OAK,26,1013314,DH
1986,Mike Easler,NYY,35,1003635,DH
2021,Gavin Sheets,CHW,25,19901,DH
1986,Reggie Jackson,CAL,40,1006308,DH
2012,Chris Davis,BAL,26,9272,DH
2020,Derek Dietrich,TEX,30,10542,DH
2005,Franklin Gutierrez,CLE,22,3255,DH
2020,Mark Canha,OAK,31,11445,DH
1981,Bob Molinaro,CHW,31,1009039,DH
2000,Scott Hatteberg,BOS,30,916,DH
1986,Cliff Johnson,TOR,38,1006437,DH
2016,Victor Martinez,DET,37,393,DH
1983,Mickey Hatcher,MIN,28,1005488,DH
2010,Russell Branyan,- - -,34,370,DH
1980,Brian Downing,CAL,29,1003451,DH
2011,Josh Willingham,OAK,32,2103,DH
1984,Jerry Hairston,CHW,32,1005210,DH
1982,Lou Piniella,NYY,38,1010356,DH
2020,Andy Young,ARI,26,19521,DH
1986,Gary Roenicke,NYY,31,1011120,DH
1990,Mickey Tettleton,BAL,29,1012939,DH
2022,Luis Arraez,MIN,25,18568,DH
2005,Matthew LeCroy,MIN,29,1456,DH
1995,Reggie Jefferson,BOS,26,1006381,DH
1986,Larry Sheets,BAL,26,1011852,DH
2002,David Justice,OAK,36,923,DH
1997,Shawn Green,TOR,24,651,DH
2003,Erubiel Durazo,OAK,28,1413,DH
1992,Kevin Mitchell,SEA,30,1009004,DH
2007,Jon Knott,BAL,28,3942,DH
2008,Hideki Matsui,NYY,34,1659,DH
2011,Shelley Duncan,CLE,31,3620,DH
1984,Jorge Orta,KCR,33,1009853,DH
2016,Pedro Alvarez,BAL,29,2495,DH
1985,Rick Miller,BOS,37,1008928,DH
2016,Khris Davis,OAK,28,9112,DH
2022,Daniel Vogelbach,- - -,29,14130,DH
1999,Derrick May,BAL,30,1008293,DH
2007,Jason Giambi,NYY,36,818,DH
2008,Cliff Floyd,TBR,35,518,DH
2020,Brad Miller,STL,30,12775,DH
1992,Cecil Fielder,DET,28,1004026,DH
1990,Chris James,CLE,27,1006347,DH
1989,Brian Downing,CAL,38,1003451,DH
1985,Jim Wilson,CLE,24,1014090,DH
2020,Wilmer Flores,SFG,28,5827,DH
2020,Jesus Aguilar,MIA,30,11342,DH
2002,Jacob Cruz,DET,29,463,DH
2022,Alejandro Kirk,TOR,23,22581,DH
2003,Travis Hafner,CLE,26,1573,DH
2008,Jason Kubel,MIN,26,2161,DH
2004,Bernie Williams,NYY,35,857,DH
1986,Don Baylor,BOS,37,1000700,DH
1997,Frank Catalanotto,DET,23,1241,DH
2018,C.J. Cron,TBR,28,12546,DH
2009,Jeff Larish,DET,26,5128,DH
2004,Dmitri Young,DET,30,505,DH
2020,Renato Nunez,BAL,26,14503,DH
1997,Dave Nilsson,MIL,27,1009601,DH
1996,Lyle Mouton,CHW,27,1009269,DH
1988,Dave Bergman,DET,35,1000879,DH
1999,Alex Ramirez,CLE,24,1010668,DH
2007,Kendrys Morales,LAA,24,8610,DH
2018,Edwin Encarnacion,CLE,35,2151,DH
2021,Nelson Cruz,- - -,40,2434,DH
2012,Adam Dunn,CHW,32,319,DH
1981,Reggie Jackson,NYY,35,1006308,DH
2018,Yandy Diaz,CLE,26,16578,DH
1998,Shane Mack,- - -,34,1007928,DH
1987,Larry Parrish,TEX,33,1010020,DH
2006,Ben Broussard,- - -,29,312,DH
1983,Roy Howell,MIL,29,1006104,DH
1983,John Wockenfuss,DET,34,1014176,DH
2004,Jason Kubel,MIN,22,2161,DH
1997,Patrick Lennon,OAK,29,1007527,DH
2014,Chris Carter,HOU,27,9911,DH
1986,Roy Smalley,MIN,33,1012078,DH
2013,John Jaso,OAK,29,5887,DH
2005,Carlos Pena,DET,27,934,DH
2013,Billy Butler,KCR,27,7399,DH
2016,Evan Gattis,HOU,29,11003,DH
2013,Steve Pearce,BAL,30,9957,DH
2022,Michael Brantley,HOU,35,4106,DH
1982,Kevin Bell,OAK,26,1000814,DH
2007,Jose Vidro,SEA,32,802,DH
2014,Delmon Young,BAL,28,2140,DH
2005,Raul Ibanez,SEA,33,607,DH
1980,Bobby Murcer,NYY,34,1009338,DH
2021,Jake Burger,CHW,25,22275,DH
1985,Gorman Thomas,SEA,34,1012979,DH
1987,Rick Leach,TOR,30,1007426,DH
2006,Jay Gibbons,BAL,29,141,DH
1998,Jerome Walton,TBD,32,1013593,DH
1988,Juan Beniquez,TOR,38,1000833,DH
1985,Dave Engle,MIN,28,1003781,DH
1986,Jim Traber,BAL,24,1013150,DH
1995,Paul Molitor,TOR,38,1009040,DH
2009,Vladimir Guerrero,LAA,34,778,DH
1990,Kevin Reimer,TEX,26,1010807,DH
1985,Ruppert Jones,CAL,30,1006588,DH
1989,Greg Vaughn,MIL,23,1233,DH
2011,Edwin Encarnacion,TOR,28,2151,DH
2000,Scott Spiezio,ANA,27,37,DH
1996,Mike Sweeney,KCR,22,634,DH
2022,J.D. Martinez,BOS,34,6184,DH
1981,Terry Crowley,BAL,34,1002829,DH
1984,Joe Nolan,BAL,33,1009617,DH
2003,Ellis Burks,CLE,38,372,DH
2022,Justin Turner,LAD,37,5235,DH
1992,Glenn Davis,BAL,31,1003052,DH
2022,Darick Hall,PHI,26,19717,DH
2016,Mike Napoli,CLE,34,3057,DH
2006,Josh Rabe,MIN,27,3007,DH
2007,Billy Butler,KCR,21,7399,DH
2009,Jack Cust,OAK,30,1564,DH
2009,David Ortiz,BOS,33,745,DH
1997,Jose Canseco,OAK,32,1001918,DH
1986,Harry Spilman,- - -,31,1012343,DH
2020,Pete Alonso,NYM,25,19251,DH
2012,Alex Rodriguez,NYY,36,1274,DH
1990,Chili Davis,CAL,30,1003041,DH
2013,Alex Rodriguez,NYY,37,1274,DH
1984,Oscar Gamble,NYY,34,1004473,DH
2022,Kerry Carpenter,DET,24,25961,DH
1985,Roy Smalley,MIN,32,1012078,DH
2013,Kendrys Morales,SEA,30,8610,DH
1980,Dan Ford,CAL,28,1004216,DH
1985,Rufino Linares,CAL,34,1007610,DH
2012,Travis Hafner,CLE,35,1573,DH
2017,Pedro Alvarez,BAL,30,2495,DH
2001,Shawn Wooten,ANA,28,43,DH
1997,Cecil Fielder,NYY,33,1004026,DH
1986,Rick Burleson,CAL,35,1001696,DH
2008,Jorge Posada,NYY,36,841,DH
1981,Don Baylor,CAL,32,1000700,DH
1983,Greg Walker,CHW,23,1013520,DH
1989,Dana Williams,BOS,26,1013987,DH
2017,Corey Dickerson,TBR,28,10762,DH
1991,Glenn Davis,BAL,30,1003052,DH
2020,Franmil Reyes,CLE,24,14566,DH
1987,Bill Madlock,- - -,36,1007957,DH
2020,Colin Moran,PIT,27,16909,DH
1982,Terry Crowley,BAL,35,1002829,DH
1993,Edgar Martinez,SEA,30,1086,DH
1990,Dave Parker,MIL,39,1010000,DH
2007,Jason Kubel,MIN,25,2161,DH
2014,Albert Pujols,LAA,34,1177,DH
1983,Carl Yastrzemski,BOS,43,1014326,DH
2004,Rondell White,DET,32,856,DH
1997,Paul Molitor,MIN,40,1009040,DH
2008,Chris Carter,BOS,25,7707,DH
1988,Gene Larkin,MIN,25,1007347,DH
1988,Jim Dwyer,- - -,38,1003608,DH
2013,Victor Martinez,DET,34,393,DH
1984,Hal McRae,KCR,38,1008687,DH
1985,Randy Bush,MIN,26,1001756,DH
2012,Jim Thome,- - -,41,409,DH
2014,John Jaso,OAK,30,5887,DH
2002,Howie Clark,BAL,28,1533,DH
2005,Dmitri Young,DET,31,505,DH
1993,Kirk Gibson,DET,36,1004669,DH
2017,Shin-Soo Choo,TEX,34,3174,DH
2016,Kendrys Morales,KCR,33,8610,DH
1981,Al Oliver,TEX,34,1009773,DH
2012,Kendrys Morales,LAA,29,8610,DH
1981,Lou Piniella,NYY,37,1010356,DH
2007,Aubrey Huff,BAL,30,1213,DH
1985,Larry Sheets,BAL,25,1011852,DH
1993,Dave Winfield,MIN,41,1014127,DH
2000,Shane Spencer,NYY,28,848,DH
1987,Jerry Hairston,CHW,35,1005210,DH
2000,Mike Stanley,- - -,37,1012416,DH
1982,Tony Perez,BOS,40,1010188,DH
2019,Franmil Reyes,- - -,23,14566,DH
2010,Dan Johnson,TBR,30,2167,DH
1987,Roy Smalley,MIN,34,1012078,DH
2007,Jonny Gomes,TBD,26,1845,DH
2020,Vladimir Guerrero Jr.,TOR,21,19611,DH
1990,Dave Bergman,DET,37,1000879,DH
2022,Edwin Rios,LAD,28,18316,DH
2010,Johnny Damon,DET,36,185,DH
1987,Don Baylor,- - -,38,1000700,DH
2009,Andruw Jones,TEX,32,96,DH
1987,Ron Cey,OAK,39,1002108,DH
1981,Von Hayes,CLE,22,1005531,DH
1997,Rich Butler,TOR,24,1001782,DH
2010,Mike Sweeney,- - -,36,634,DH
2013,Chris Carter,HOU,26,9911,DH
2001,Dante Bichette,BOS,37,1000946,DH
2009,Mike Sweeney,SEA,35,634,DH
2001,Randall Simon,DET,26,497,DH
1996,Juan Samuel,TOR,35,1011400,DH
2022,Francisco Alvarez,NYM,20,26121,DH
1984,Steve Henderson,SEA,31,1005636,DH
1999,Reggie Jefferson,BOS,30,1006381,DH
1980,Pat Kelly,BAL,35,1006810,DH
1995,Joe Vitiello,KCR,25,1748,DH
2020,Willson Contreras,CHC,28,11609,DH
2001,Andres Galarraga,- - -,40,1390,DH
1992,Harvey Pulliam,KCR,24,1010567,DH
1994,Candy Maldonado,CLE,33,1008015,DH
2006,Mike Sweeney,KCR,32,634,DH
2010,Nick Johnson,NYY,31,828,DH
2006,Jerry Owens,CHW,25,6002,DH
2005,Javy Lopez,BAL,34,103,DH
1985,Don Baylor,NYY,36,1000700,DH
2020,Chance Sisco,BAL,25,15694,DH
2004,Jose Offerman,MIN,35,205,DH
1998,Keith Mitchell,BOS,28,1009005,DH
2021,Ryan Mountcastle,BAL,24,18373,DH
2011,Jason Kubel,MIN,29,2161,DH
1982,Mike Laga,DET,22,1007253,DH
1993,Chili Davis,CAL,33,1003041,DH
1985,Ron Kittle,CHW,27,1006982,DH
2014,David DeJesus,TBR,34,1825,DH
1993,Jeffrey Hammonds,BAL,22,687,DH
1986,Jerry Hairston,CHW,34,1005210,DH
2009,Jose Morales,MIN,26,3726,DH
1980,Lynn Jones,DET,27,1006573,DH
1985,Cliff Johnson,- - -,37,1006437,DH
1988,Harold Baines,CHW,29,1000434,DH
2014,Steven Moya,DET,22,11854,DH
1990,Dwight Evans,BOS,38,1003865,DH
2000,Butch Huskey,- - -,28,1006228,DH
2014,Kennys Vargas,MIN,23,12101,DH
2022,Keston Hiura,MIL,25,20003,DH
2012,Adam Moore,KCR,28,9362,DH
2016,Miguel Sano,MIN,23,12164,DH
1995,Ruben Sierra,- - -,29,1099,DH
1982,Don Baylor,CAL,33,1000700,DH
1991,Glenallen Hill,- - -,26,1005820,DH
1999,Robert Fick,DET,25,466,DH
1987,Orestes Destrade,NYY,25,1003233,DH
2014,Adam Dunn,- - -,34,319,DH
2009,Marcus Thames,DET,32,1523,DH
2022,J.D. Davis,- - -,29,16219,DH
2001,David Ortiz,MIN,25,745,DH
2007,Johnny Damon,NYY,33,185,DH
1985,Johnny Grubb,DET,36,1005103,DH
2002,Shawn Wooten,ANA,29,43,DH
2015,Albert Pujols,LAA,35,1177,DH
1986,Rick Leach,TOR,29,1007426,DH
1980,Bob Molinaro,CHW,30,1009039,DH
2018,Robbie Grossman,MIN,28,5254,DH
2001,Jay Gibbons,BAL,24,141,DH
1999,Jeremy Giambi,KCR,24,913,DH
2002,Dmitri Young,DET,28,505,DH
2019,Daniel Vogelbach,SEA,26,14130,DH
2005,Juan Rivera,LAA,26,843,DH
1980,Mitchell Page,OAK,28,1009954,DH
2014,Josh Willingham,- - -,35,2103,DH
2009,Carlos Guillen,DET,33,1079,DH
1982,Ken Singleton,BAL,35,1012011,DH
2007,Sammy Sosa,TEX,38,302,DH
2006,Fernando Tatis,BAL,31,798,DH
2012,Ryan Doumit,MIN,31,2113,DH
2003,B.J. Surhoff,BAL,38,117,DH
1998,Frank Catalanotto,DET,24,1241,DH
2020,Jorge Soler,KCR,28,14221,DH
1996,Lou Frazier,TEX,31,1004310,DH
2002,Randall Simon,DET,27,497,DH
1991,Bo Jackson,CHW,28,1006290,DH
1990,Gene Larkin,MIN,27,1007347,DH
1997,Julio Franco,- - -,38,87,DH
2019,Danny Mendick,CHW,25,18889,DH
2002,Nick Johnson,NYY,23,828,DH
2013,Adam Dunn,CHW,33,319,DH
1984,Darrell Evans,DET,37,1003864,DH
1988,Eric Bullock,MIN,28,1001647,DH
2004,Ken Harvey,KCR,26,604,DH
1998,Jeremy Giambi,KCR,23,913,DH
1986,Carmen Castillo,CLE,28,1002059,DH
2016,Albert Pujols,LAA,36,1177,DH
1988,Jim Rice,BOS,35,1010897,DH
2020,Ryan McBroom,KCR,28,16524,DH
2005,Eric Hinske,TOR,27,1305,DH
2008,Frank Catalanotto,TEX,34,1241,DH
1989,Steve Balboni,NYY,32,1000473,DH
1981,John Wockenfuss,DET,32,1014176,DH
2022,Garrett Cooper,MIA,31,15279,DH
1980,Wayne Nordhagen,CHW,31,1009626,DH
2012,Justin Morneau,MIN,31,1737,DH
1983,Ken Phelps,SEA,28,1010277,DH
2006,Eduardo Perez,- - -,36,1409,DH
2002,Marty Cordova,BAL,32,132,DH
1980,Lamar Johnson,CHW,29,1006481,DH
2006,Phil Nevin,- - -,35,1049,DH
1996,Joe Vitiello,KCR,26,1748,DH
1981,Hal McRae,KCR,35,1008687,DH
2013,Albert Pujols,LAA,33,1177,DH
2018,Kendrys Morales,TOR,35,8610,DH
1982,Lee Mazzilli,- - -,27,1008318,DH
2017,Robbie Grossman,MIN,27,5254,DH
2022,Jared Young,CHC,26,20404,DH
2001,Greg Vaughn,TBD,35,1233,DH
1987,Carmen Castillo,CLE,29,1002059,DH
1991,Kevin Maas,NYY,26,1007895,DH
2003,Ben Grieve,TBD,27,1209,DH
2001,Chad Allen,MIN,26,122,DH
2018,Daniel Palka,CHW,26,14897,DH
1988,Darrell Evans,DET,41,1003864,DH
2000,Brian Daubach,BOS,28,186,DH
1998,Wade Boggs,TBD,40,1001124,DH
2008,Frank Thomas,- - -,40,255,DH
2018,Mark Trumbo,BAL,32,6876,DH
1990,Randy Bush,MIN,31,1001756,DH
1982,Randy Johnson,MIN,23,1006494,DH
2001,Jay Buhner,SEA,36,1001638,DH
1980,Garry Hancock,BOS,26,1005294,DH
2019,Nathaniel Lowe,TBR,23,19566,DH
1985,Ted Simmons,MIL,35,1011986,DH
1989,Gene Larkin,MIN,26,1007347,DH
2002,Rusty Greer,TEX,33,1252,DH
1985,Mike Easler,BOS,34,1003635,DH
1994,Dave Nilsson,MIL,24,1009601,DH
2009,Jason Giambi,- - -,38,818,DH
2001,David Justice,NYY,35,923,DH
2004,Matt Diaz,TBD,26,1771,DH
2010,Jason Kubel,MIN,28,2161,DH
1982,Mike Ivie,- - -,29,1006284,DH
2000,Matt Stairs,OAK,32,1384,DH
2021,Austin Meadows,TBR,26,15672,DH
1992,Sam Horn,BAL,28,1006029,DH
1983,Kirk Gibson,DET,26,1004669,DH
2022,Harold Ramirez,TBR,27,14387,DH
1988,Glenn Braggs,MIL,25,1001333,DH
1999,Todd Walker,MIN,26,359,DH
2020,Andrew McCutchen,PHI,33,9847,DH
2018,Adrian Beltre,TEX,39,639,DH
2008,Garret Anderson,LAA,36,2,DH
2022,Giancarlo Stanton,NYY,32,4949,DH
2016,Joe Mauer,MIN,33,1857,DH
1984,Rod Allen,DET,24,1000158,DH
1986,Andre Thornton,CLE,36,1013037,DH
2001,Greg Myers,- - -,35,933,DH
1983,Daryl Sconiers,CAL,24,1011670,DH
2011,Johnny Damon,TBR,37,185,DH
2007,J.R. House,BAL,27,992,DH
1982,Ron Kittle,CHW,24,1006982,DH
1988,Joey Meyer,MIL,26,1008829,DH
2005,Prince Fielder,MIL,21,4613,DH
2001,Brad Fullmer,TOR,26,13,DH
1992,Harold Baines,OAK,33,1000434,DH
2009,Brayan Pena,KCR,27,3231,DH
2006,Jonny Gomes,TBD,25,1845,DH
1981,Gary Gray,SEA,28,1004970,DH
1998,Joe Carter,- - -,38,1002018,DH
1983,Randy Bush,MIN,24,1001756,DH
1992,George Brett,KCR,39,1001400,DH
2021,Trey Mancini,BAL,29,15149,DH
1980,Glenn Adams,MIN,32,1000052,DH
1983,Jeff Burroughs,OAK,32,1001731,DH
2006,Shea Hillenbrand,- - -,30,196,DH
1989,Ken Phelps,- - -,34,1010277,DH
2013,Luke Scott,TBR,35,3469,DH
2005,Josh Phelps,TBD,27,1318,DH
1992,Glenallen Hill,CLE,27,1005820,DH
2008,Matt Stairs,- - -,40,1384,DH
2014,Matt Joyce,TBR,29,3353,DH
1987,Lonnie Smith,KCR,31,1012176,DH
2017,Evan Gattis,HOU,30,11003,DH
2000,Harold Baines,- - -,41,1000434,DH
2017,Chad Huffman,STL,32,5311,DH
2012,Seth Smith,OAK,29,7331,DH
1985,Jerry Hairston,CHW,33,1005210,DH
2015,Joey Butler,TBR,29,7799,DH
2018,Tyler Austin,- - -,26,11850,DH
1993,Bernardo Brito,MIN,29,1001444,DH
1980,Reggie Walton,SEA,27,1013594,DH
1992,Joey Cora,CHW,27,1002607,DH
1996,Pedro Munoz,OAK,27,1009331,DH
1990,Ron Kittle,- - -,32,1006982,DH
2011,Ryan Lavarnway,BOS,23,8879,DH
1984,Jeff Burroughs,OAK,33,1001731,DH
2014,C.J. Cron,LAA,24,12546,DH
2022,Salvador Perez,KCR,32,7304,DH
2001,Dean Palmer,DET,32,482,DH
2009,Ken Griffey Jr.,SEA,39,327,DH
1991,Rance Mulliniks,TOR,35,1009309,DH
2004,Matthew LeCroy,MIN,28,1456,DH
2006,Matt Stairs,- - -,38,1384,DH
2016,Billy Butler,- - -,30,7399,DH
1991,Wayne Housie,BOS,26,1006065,DH
1980,Merv Rettenmund,CAL,37,1010846,DH
1984,Dave Hostetler,TEX,28,1006044,DH
1987,Mike Young,BAL,27,1014386,DH
2004,Brad Fullmer,TEX,29,13,DH
2003,Ruben Sierra,- - -,37,1099,DH
2000,Midre Cummings,- - -,28,1927,DH
2019,Justin Smoak,TOR,32,9054,DH
1986,Mike Young,BAL,26,1014386,DH
2021,Jorge Soler,- - -,29,14221,DH
1989,Dave Parker,OAK,38,1010000,DH
1983,Tack Wilson,MIN,28,1014106,DH
2022,Vinny Capra,TOR,25,25040,DH
1993,Andre Dawson,BOS,38,1003091,DH
2004,Jason Giambi,NYY,33,818,DH
2019,Renato Nunez,BAL,25,14503,DH
2002,Matthew LeCroy,MIN,26,1456,DH
1996,Eddie Murray,- - -,40,1009386,DH
2004,Josh Phelps,- - -,26,1318,DH
1988,Pat Tabler,- - -,30,1012806,DH
2017,Kennys Vargas,MIN,26,12101,DH
2020,Miguel Cabrera,DET,37,1744,DH
2004,Frank Catalanotto,TOR,30,1241,DH
1986,Jorge Orta,KCR,35,1009853,DH
2008,Mike Sweeney,OAK,34,634,DH
1993,Kevin Maas,NYY,28,1007895,DH
2005,Aaron Hill,TOR,23,6104,DH
1988,Dave Parker,OAK,37,1010000,DH
1983,Al Chambers,SEA,22,1002116,DH
1981,Tony Perez,BOS,39,1010188,DH
1997,Mike Simms,TEX,30,1011987,DH
1988,Cecil Fielder,TOR,24,1004026,DH
1993,George Brett,KCR,40,1001400,DH
2020,Ryan Braun,MIL,36,3410,DH
2008,Gary Sheffield,DET,39,114,DH
2020,Matt Kemp,COL,35,5631,DH
2013,Josh Willingham,MIN,34,2103,DH
2000,John Jaha,OAK,34,1006336,DH
1998,Cecil Fielder,- - -,34,1004026,DH
1989,Jeffrey Leonard,SEA,33,1007535,DH
2000,Luis Polonia,- - -,36,1010427,DH
1992,Tino Martinez,SEA,24,1168,DH
2010,Jose Guillen,- - -,34,57,DH
1991,George Brett,KCR,38,1001400,DH
1995,Danny Tartabull,- - -,32,1012829,DH
2011,Bobby Abreu,LAA,37,945,DH
2018,Matt Davidson,CHW,27,7226,DH
2014,Shin-Soo Choo,TEX,31,3174,DH
1998,Hal Morris,KCR,33,1009209,DH
2005,Frank Menechino,TOR,34,931,DH
2005,Bernie Castro,BAL,25,2096,DH
1994,Dave Winfield,MIN,42,1014127,DH
1982,Randy Bush,MIN,23,1001756,DH
1980,Cliff Johnson,- - -,32,1006437,DH
1999,Scott Pose,KCR,32,1010464,DH
2005,Carl Everett,CHW,34,1249,DH
1988,Steve Balboni,- - -,31,1000473,DH
2004,Melvin Upton Jr.,TBD,19,5015,DH
1993,Pete O'Brien,SEA,35,1009700,DH
2017,Matt Holliday,NYY,37,1873,DH
2008,Billy Butler,KCR,22,7399,DH
2003,David Segui,BAL,36,169,DH
1980,Darrell Porter,KCR,28,1010450,DH
1983,Richie Zisk,SEA,34,1014455,DH
1997,Joe Vitiello,KCR,27,1748,DH
1981,Carl Yastrzemski,BOS,41,1014326,DH
2017,Ryon Healy,OAK,25,15447,DH
1996,Mike Aldrete,- - -,35,1000114,DH
1989,Fred Lynn,DET,37,1007872,DH
1985,Dave Kingman,OAK,36,1006939,DH
1995,Greg Vaughn,MIL,29,1233,DH
2017,Kendrys Morales,TOR,34,8610,DH
2011,Vladimir Guerrero,BAL,36,778,DH
2007,Greg Norton,TBD,34,1388,DH
2012,Nick Johnson,BAL,33,828,DH
1993,Jim Walewander,CAL,31,1013506,DH
2018,Jose Rondon,CHW,24,14140,DH
2013,Josh Hamilton,LAA,32,1875,DH
2003,Jeremy Giambi,BOS,28,913,DH
2015,Jesus Aguilar,CLE,25,11342,DH
2008,Jose Guillen,KCR,32,57,DH
2022,Donovan Solano,CIN,34,8623,DH
2007,Juan Rivera,LAA,28,843,DH
2018,Joe Mauer,MIN,35,1857,DH
2006,Garret Anderson,LAA,34,2,DH
2004,Dave Hansen,- - -,35,1403,DH
1995,Michael Tucker,KCR,24,635,DH
1981,Larry Hisle,MIL,34,1005858,DH
1989,Rick Leach,TEX,32,1007426,DH
2016,Corey Dickerson,TBR,27,10762,DH
1986,Ron Washington,MIN,34,1013658,DH
1995,Chris James,- - -,32,1006347,DH
2015,David Murphy,- - -,33,6035,DH
1990,Tracy Jones,- - -,29,1006600,DH
2019,Miguel Cabrera,DET,36,1744,DH
1981,Champ Summers,DET,35,1012718,DH
1990,Glenallen Hill,TOR,25,1005820,DH
1982,Cliff Johnson,OAK,34,1006437,DH
2002,Ruben Sierra,SEA,36,1099,DH
2015,C.J. Cron,LAA,25,12546,DH
2005,Lew Ford,MIN,28,1724,DH
2017,Hanley Ramirez,BOS,33,8001,DH
1987,Gene Larkin,MIN,24,1007347,DH
2007,Mike Piazza,OAK,38,893,DH
2013,Seth Smith,OAK,30,7331,DH
2005,Matt Diaz,KCR,27,1771,DH
1989,Mel Hall,NYY,28,1005259,DH
2021,Yermin Mercedes,CHW,28,17423,DH
1990,George Bell,TOR,30,1000808,DH
1996,Wil Cordero,BOS,24,770,DH
1983,Dave Hostetler,TEX,27,1006044,DH
2020,Daniel Vogelbach,- - -,27,14130,DH
1986,Ben Oglivie,MIL,37,1009746,DH
2021,Eloy Jimenez,CHW,24,17484,DH
2022,Ketel Marte,ARI,28,13613,DH
2022,Charlie Blackmon,COL,35,7859,DH
1993,Bo Jackson,CHW,30,1006290,DH
2011,Russ Canzler,TBR,25,8265,DH
2015,Evan Gattis,HOU,28,11003,DH
1998,Paul Sorrento,TBD,32,1012282,DH
1984,Mickey Rivers,TEX,35,1011005,DH
2001,Frank Thomas,CHW,33,255,DH
2006,Kevin Barker,TOR,30,1019,DH
2004,Edgar Martinez,SEA,41,1086,DH
1998,Trey Beamon,DET,24,1000711,DH
1990,Larry Sheets,DET,30,1011852,DH
1987,Terry Harper,- - -,31,1005382,DH
2015,Steve Clevenger,BAL,29,9542,DH
2012,Adam Lind,TOR,28,8027,DH
1985,Andre Thornton,CLE,35,1013037,DH
1992,Kevin Maas,NYY,27,1007895,DH
2010,Juan Miranda,NYY,27,7783,DH
1989,Denny Gonzalez,CLE,25,1004830,DH
1984,Greg Luzinski,CHW,33,1007855,DH
1997,Phil Nevin,DET,26,1049,DH
1992,George Bell,CHW,32,1000808,DH
1984,Ricky Nelson,SEA,25,1009509,DH
2005,Garret Anderson,LAA,33,2,DH
1981,Paul Molitor,MIL,24,1009040,DH
2002,David Segui,BAL,35,169,DH
2018,Lucas Duda,- - -,32,2502,DH
1995,Dion James,NYY,32,1006349,DH
2014,Josmil Pinto,MIN,25,6806,DH
2001,Tony Fernandez,- - -,39,1004002,DH
2008,Tony Clark,- - -,36,182,DH
1989,Keith Moreland,- - -,35,1009161,DH
1997,David Dellucci,BAL,23,1402,DH
1998,Paul Molitor,MIN,41,1009040,DH
2004,Ruben Sierra,NYY,38,1099,DH
1984,Reggie Jackson,CAL,38,1006308,DH
2015,Jimmy Paredes,BAL,26,5481,DH
1996,Chip Hale,MIN,31,1005220,DH
2013,Delmon Young,- - -,27,2140,DH
1993,Sherman Obando,BAL,23,1009675,DH
2022,Jake Lamb,- - -,31,13329,DH
2000,Eric Byrnes,OAK,24,905,DH
1981,Rick Peters,DET,25,1010237,DH
2020,Phil Gosselin,PHI,31,10953,DH
2009,Hank Blalock,TEX,28,1419,DH
2011,Jorge Posada,NYY,39,841,DH
1994,Brian Harper,MIL,34,1005376,DH
1982,Lamar Johnson,TEX,31,1006481,DH
2013,Lance Berkman,TEX,37,548,DH
2002,Travis Hafner,TEX,25,1573,DH
1990,Steve Balboni,NYY,33,1000473,DH
1991,Carlos Martinez,CLE,25,1008158,DH
1988,Dave Clark,CLE,25,1002277,DH
2004,Carl Everett,- - -,33,1249,DH
2022,Trey Mancini,- - -,30,15149,DH
2008,David Dellucci,CLE,34,1402,DH
1990,Jim Lindeman,DET,28,1007618,DH
2013,Max Stassi,HOU,22,10059,DH
2020,Shin-Soo Choo,TEX,37,3174,DH
1989,Dave Clark,CLE,26,1002277,DH
1992,Jack Clark,BOS,36,1002288,DH
1998,Bip Roberts,- - -,34,1011023,DH
1987,Mike Easler,- - -,36,1003635,DH
1995,Chip Hale,MIN,30,1005220,DH
2015,Billy Butler,OAK,29,7399,DH
2022,Luke Voit,- - -,31,14811,DH
1988,Jim Eppard,CAL,28,1003796,DH
2021,Jed Lowrie,OAK,37,4418,DH
2021,Luis Torrens,SEA,25,15905,DH
1985,Oscar Gamble,CHW,35,1004473,DH
1997,Kevin Seitzer,CLE,35,1011730,DH
1994,Eddie Murray,CLE,38,1009386,DH
2013,Ryan Doumit,MIN,32,2113,DH
2016,Justin Morneau,CHW,35,1737,DH
1992,Julio Franco,TEX,33,87,DH
1991,Patrick Lennon,SEA,23,1007527,DH
2018,Evan Gattis,HOU,31,11003,DH
2007,Mike Sweeney,KCR,33,634,DH
1981,Lee May,KCR,38,1008303,DH
2014,Billy Butler,KCR,28,7399,DH
1993,Damon Buford,BAL,23,1001635,DH
1986,Gorman Thomas,- - -,35,1012979,DH
1992,Wayne Kirby,CLE,28,1006964,DH
1994,Andre Dawson,BOS,39,1003091,DH
1989,Beau Allred,CLE,24,1000171,DH
1985,Alan Bannister,TEX,33,1000515,DH
2017,Chris Young,BOS,33,3882,DH
2014,Carlos Beltran,NYY,37,589,DH
2018,Daniel Vogelbach,SEA,25,14130,DH
2010,Adam Lind,TOR,26,8027,DH
1988,Rick Leach,TOR,31,1007426,DH
1999,Scarborough Green,TEX,25,1005011,DH
2015,Richie Shaffer,TBR,24,13271,DH
1982,Bobby Murcer,NYY,36,1009338,DH
1989,Matt Nokes,DET,25,1009615,DH
1986,Ron Kittle,- - -,28,1006982,DH
1982,Jerry Turner,DET,28,1013228,DH
2022,Andrew McCutchen,MIL,35,9847,DH
2010,Kila Ka'aihue,KCR,26,4707,DH
2014,Nolan Reimold,- - -,30,3441,DH
1990,Mel Hall,NYY,29,1005259,DH
2011,Fernando Martinez,NYM,22,9210,DH
2020,Yoshi Tsutsugo,TBR,28,27459,DH
1985,Nelson Simmons,DET,22,1011984,DH
2008,Miguel Olivo,KCR,29,1638,DH
2018,Hanley Ramirez,BOS,34,8001,DH
1983,Jorge Orta,TOR,32,1009853,DH
1994,Dave Henderson,KCR,35,1005630,DH
2000,Mark Sweeney,MIL,30,1408,DH
2011,Jack Cust,SEA,32,1564,DH
2022,Mitch Garver,TEX,31,15161,DH
2012,Jason Giambi,COL,41,818,DH
2019,Rowdy Tellez,TOR,24,15679,DH
2022,Carlos Santana,- - -,36,2396,DH
2012,Luke Scott,TBR,34,3469,DH
2008,Randy Ruiz,MIN,30,2761,DH
1985,Dan Pasqua,NYY,23,1010044,DH
1990,John Russell,TEX,29,1011317,DH
1999,Jeff DaVanon,ANA,25,1440,DH
2005,Jason Botts,TEX,24,2907,DH
2003,Kevin Witt,DET,27,362,DH
1993,Scott Livingstone,DET,27,1007677,DH
1987,Reggie Jackson,OAK,41,1006308,DH
1981,Andre Thornton,CLE,31,1013037,DH
2011,Hideki Matsui,OAK,37,1659,DH
1999,Anthony Sanders,TOR,25,1011412,DH
1988,Terry Francona,CLE,29,1004292,DH
1984,Willie Aikens,TOR,29,1000090,DH
2003,Ernie Young,DET,33,79,DH
1985,Jorge Orta,KCR,34,1009853,DH
1993,Kevin Reimer,MIL,29,1010807,DH
1991,Tracy Jones,SEA,30,1006600,DH
1980,Lee May,BAL,37,1008303,DH
2009,Nomar Garciaparra,OAK,35,190,DH
1987,Jim Eisenreich,KCR,28,1003719,DH
1985,Alejandro Sanchez,DET,26,1011404,DH
1988,Don Baylor,OAK,39,1000700,DH
2014,Dan Johnson,TOR,34,2167,DH
1985,Mike Stenhouse,MIN,27,1012483,DH
2000,Todd Greene,TOR,29,1450,DH
1993,Dave Henderson,OAK,34,1005630,DH
1980,Dick Davis,MIL,26,1003046,DH
2009,Mike Jacobs,KCR,28,2231,DH
1998,Domingo Cedeno,TEX,29,1002101,DH
2022,Jackson Frazier,CHC,27,15983,DH
2012,Delmon Young,DET,26,2140,DH
1997,Pat Kelly,NYY,29,1006812,DH
1982,Otto Velez,TOR,31,1013399,DH
2003,Todd Sears,- - -,27,1645,DH
1986,Cecil Cooper,MIL,36,1002592,DH
2021,Miguel Cabrera,DET,38,1744,DH
1980,Mark Brouhard,MIL,24,1001484,DH
1999,Todd Greene,ANA,28,1450,DH
2007,Jeff Cirillo,- - -,37,1073,DH
1985,Willie Aikens,TOR,30,1000090,DH
2007,Russ Adams,TOR,26,4519,DH
1985,Barbaro Garbey,DET,28,1004491,DH
2009,Pat Burrell,TBR,32,949,DH
2002,Carlos Baerga,BOS,33,175,DH
2018,Pedro Alvarez,BAL,31,2495,DH
1992,Luis Polonia,CAL,28,1010427,DH
2012,Kila Ka'aihue,OAK,28,4707,DH
2005,Jeff DaVanon,LAA,31,1440,DH
1980,Danny Walton,TEX,32,1013592,DH
1989,Jerry Hairston,CHW,37,1005210,DH
1990,Gerald Perry,KCR,29,1010211,DH
1982,Tony Johnson,TOR,26,1006509,DH
1990,Matt Nokes,- - -,26,1009615,DH
2009,Kevin Millar,TOR,37,529,DH
2005,Scott Hatteberg,OAK,35,916,DH
2009,Aubrey Huff,- - -,32,1213,DH
2020,Zach McKinstry,LAD,25,19392,DH
2017,Victor Martinez,DET,38,393,DH
1987,Juan Beniquez,- - -,37,1000833,DH
2007,J.J. Furmaniak,OAK,27,3054,DH
2008,Eric Chavez,OAK,30,906,DH
2022,Pedro Severino,MIL,28,14523,DH
2006,Dmitri Young,DET,32,505,DH
2008,Jeff Larish,DET,25,5128,DH
1983,Benny Ayala,BAL,32,1000383,DH
2013,Travis Hafner,NYY,36,1573,DH
1986,Mickey Hatcher,MIN,31,1005488,DH
2010,Hank Blalock,TBR,29,1419,DH
2007,Jason Botts,TEX,26,2907,DH
2016,Avisail Garcia,CHW,25,5760,DH
1987,Steve Balboni,KCR,30,1000473,DH
1999,Pat Borders,- - -,36,1068,DH
2010,Mark Kotsay,CHW,34,1042,DH
2022,Yermin Mercedes,SFG,29,17423,DH
2021,Willie Calhoun,TEX,26,17838,DH
1997,Bubba Trammell,DET,25,1057,DH
1996,Ruben Sierra,- - -,30,1099,DH
2017,Brandon Moss,KCR,33,4467,DH
1993,Reggie Jefferson,CLE,24,1006381,DH
1989,Joey Meyer,MIL,27,1008829,DH
2006,Terry Tiffee,MIN,27,2160,DH
2021,Yohel Pozo,TEX,24,18848,DH
2000,Damian Rolls,TBD,22,1222,DH
2021,Mitch Moreland,OAK,35,3086,DH
1981,Kent Hrbek,MIN,21,1006117,DH
2014,Zach Walters,- - -,24,10622,DH
1998,Ruben Sierra,CHW,32,1099,DH
2018,Albert Pujols,LAA,38,1177,DH
2010,Mike Lowell,BOS,36,527,DH
2010,Esteban German,TEX,32,1449,DH
2005,Erubiel Durazo,OAK,30,1413,DH
1990,Paul Sorrento,MIN,24,1012282,DH
1992,Alvin Davis,CAL,31,1003033,DH
2002,Dee Brown,KCR,24,593,DH
1997,Pete Incaviglia,- - -,33,1006257,DH
2004,Herbert Perry,TEX,34,1270,DH
2000,Marty Cordova,TOR,30,132,DH
2002,Mark Quinn,KCR,28,621,DH
2013,Paul Konerko,CHW,37,242,DH
2013,Carlos Pena,- - -,35,934,DH
2006,Javy Lopez,- - -,35,103,DH
1987,Bill Buckner,- - -,37,1001625,DH
2022,Marcell Ozuna,ATL,31,10324,DH
2006,Kevin Kouzmanoff,CLE,24,5995,DH
2020,Howie Kendrick,WSN,36,4229,DH
1980,Don Baylor,CAL,31,1000700,DH
1984,Randy Bush,MIN,25,1001756,DH
1986,Dave Kingman,OAK,37,1006939,DH
1997,Curtis Pride,- - -,28,1762,DH
2005,Alejandro Freire,BAL,30,8588,DH
2020,Joc Pederson,LAD,28,11899,DH
1989,Albert Belle,CLE,22,1000802,DH
2020,Jay Bruce,PHI,33,9892,DH
2011,Russell Branyan,- - -,35,370,DH
2004,Eric Crozier,TOR,25,3011,DH
2017,Matt Davidson,CHW,26,7226,DH
2020,Victor Caratini,CHC,26,14968,DH
2012,Michael Young,TEX,35,1286,DH
2017,Rickie Weeks Jr.,TBR,34,1849,DH
2008,Kevin Mench,TOR,30,1261,DH
2005,Jeff Mathis,LAA,22,3448,DH
2002,Jose Offerman,- - -,33,205,DH
1981,Pat Kelly,CLE,36,1006810,DH
1983,Mickey Rivers,TEX,34,1011005,DH
1986,Hal McRae,KCR,40,1008687,DH
2019,Jake Bauers,CLE,23,15194,DH
2011,David Cooper,TOR,24,7752,DH
1983,Mitchell Page,OAK,31,1009954,DH
2002,Chris Richard,BAL,28,163,DH
2022,Shea Langeliers,OAK,24,25816,DH
2012,Jesus Montero,SEA,22,5514,DH
1997,Joe Carter,TOR,37,1002018,DH
2009,Tyler Flowers,CHW,23,9134,DH
2017,Tyler Austin,NYY,25,11850,DH
1990,Jeffrey Leonard,SEA,34,1007535,DH
2017,Mark Trumbo,BAL,31,6876,DH
2008,Craig Monroe,MIN,31,1464,DH
1989,Pat Tabler,KCR,31,1012806,DH
1988,Larry Herndon,DET,34,1005717,DH
1989,Mike Stanley,TEX,26,1012416,DH
1984,Mitch Webster,TOR,25,1013719,DH
1994,Andy Tomberlin,BOS,27,1013108,DH
2010,Willy Aybar,TBR,27,2192,DH
1987,Thad Bosley,KCR,30,1001214,DH
2022,Pavin Smith,ARI,26,19892,DH
2016,Byung-ho Park,MIN,29,18497,DH
2001,Olmedo Saenz,OAK,30,937,DH
2008,Jonny Gomes,TBR,27,1845,DH
1991,Pete Incaviglia,DET,27,1006257,DH
1992,Randy Ready,OAK,32,1010738,DH
2005,Sammy Sosa,BAL,36,302,DH
1982,Roy Howell,MIL,28,1006104,DH
2020,Matt Carpenter,STL,34,8090,DH
1992,Pete O'Brien,SEA,34,1009700,DH
1991,Dave Parker,- - -,40,1010000,DH
2008,Jeff Clement,SEA,24,4652,DH
1989,Rance Mulliniks,TOR,33,1009309,DH
1982,Jesus Vega,MIN,26,1013393,DH
1988,Larry Sheets,BAL,28,1011852,DH
2006,Jason Botts,TEX,25,2907,DH
1980,Willie Horton,SEA,37,1006038,DH
2020,Austin Meadows,TBR,25,15672,DH
2022,Nelson Cruz,WSN,41,2434,DH
1999,Midre Cummings,MIN,27,1927,DH
1989,Mark Salas,CLE,28,1011376,DH
2022,Nick Solak,TEX,27,19294,DH
2013,Jason Giambi,CLE,42,818,DH
2022,Darin Ruf,- - -,35,9929,DH
1987,Gary Matthews,- - -,36,1008255,DH
2013,Chris Dickerson,BAL,31,7095,DH
1980,Gary Alexander,CLE,27,1000123,DH
2011,Wily Mo Pena,- - -,29,344,DH
2005,Adam Melhuse,OAK,33,294,DH
2021,Pablo Sandoval,ATL,34,5409,DH
2022,Gary Sanchez,MIN,29,11442,DH
1989,Larry Sheets,BAL,29,1011852,DH
1999,Tim Unroe,ANA,28,1013284,DH
2020,Shohei Ohtani,LAA,25,19755,DH
2020,J.D. Martinez,BOS,32,6184,DH
1987,Cecil Cooper,MIL,37,1002592,DH
1986,Rob Nelson,OAK,22,1009512,DH
2019,Khris Davis,OAK,31,9112,DH
2004,Carlos Baerga,ARI,35,175,DH
1987,Pete Stanicek,BAL,24,1012402,DH
2001,Casey Blake,- - -,27,719,DH
2003,Justin Morneau,MIN,22,1737,DH
1987,Jerry Willard,OAK,27,1013963,DH
1991,John Ramos,NYY,25,1010679,DH
2006,Carl Everett,SEA,35,1249,DH
2022,Jesus Aguilar,- - -,32,11342,DH
2006,Jason Kubel,MIN,24,2161,DH
2003,Al Martin,TBD,35,1167,DH
2005,Chad Allen,TEX,30,122,DH
1982,Glenn Adams,TOR,34,1000052,DH
2014,Mitch Moreland,TEX,28,3086,DH
2021,Renato Nunez,DET,27,14503,DH
2020,Jose Marmolejos,SEA,27,15767,DH
2005,Brian Daubach,NYM,33,186,DH
1990,Donell Nixon,BAL,28,1009607,DH
1999,Geronimo Berroa,TOR,34,1000900,DH
2005,Adrian Gonzalez,TEX,23,1908,DH
2019,Welington Castillo,CHW,32,3256,DH
1982,Dave Revering,- - -,29,1010855,DH
1999,Willie Greene,TOR,27,1005015,DH
2020,Josh Bell,PIT,27,13145,DH
2015,Victor Martinez,DET,36,393,DH
2010,Milton Bradley,SEA,32,369,DH
1997,Ivan Cruz,NYY,29,1596,DH
2017,Albert Pujols,LAA,37,1177,DH
2001,Nick Johnson,NYY,22,828,DH
2022,Mike Moustakas,CIN,33,4892,DH
1992,Rich Rowland,DET,28,1011262,DH
1985,Ellis Valentine,TEX,30,1013326,DH
2001,Orlando Palmeiro,ANA,32,28,DH
2015,Nick Swisher,- - -,34,4599,DH
2019,Zack Collins,CHW,24,19181,DH
1996,Luis Polonia,- - -,32,1010427,DH
1983,Reggie Jackson,CAL,37,1006308,DH
1998,Frank Bolick,ANA,32,1001145,DH
1982,Wayne Nordhagen,- - -,33,1009626,DH
1987,Ron Hassey,CHW,34,1005479,DH
1985,Al Oliver,- - -,38,1009773,DH
1998,Geronimo Berroa,- - -,33,1000900,DH
1994,Lonnie Smith,BAL,38,1012176,DH
2020,Khris Davis,OAK,32,9112,DH
2008,Tug Hulett,SEA,25,7451,DH
2020,Tommy Pham,SDP,32,2967,DH
1980,Butch Hobson,BOS,28,1005872,DH
1993,Ernest Riles,BOS,32,1010964,DH
1991,Alvin Davis,SEA,30,1003033,DH
2017,Carlos Beltran,HOU,40,589,DH
2018,Logan Morrison,MIN,30,9205,DH
1998,Terry Pendleton,KCR,37,1010157,DH
1981,Jose Morales,BAL,36,1009139,DH
2021,Taylor Jones,HOU,27,19533,DH
1989,Paul Sorrento,MIN,23,1012282,DH
2015,Adam LaRoche,CHW,35,1904,DH
2010,Jake Fox,- - -,27,6267,DH
1999,Russell Branyan,CLE,23,370,DH
2014,Jesus Montero,SEA,24,5514,DH
1983,Larry Biittner,TEX,37,1000962,DH
2004,Chris Shelton,DET,24,1891,DH
1989,Greg Walker,CHW,29,1013520,DH
2011,Adam Loewen,TOR,27,2134,DH
1989,Luis Medina,CLE,26,1008715,DH
1999,Jon Nunnally,BOS,27,1009660,DH
2020,Albert Pujols,LAA,40,1177,DH
1988,Larry Parrish,- - -,34,1010020,DH
1993,Carlos Martinez,CLE,27,1008158,DH
1982,Jose Moreno,CAL,24,1009164,DH
1991,Mookie Wilson,TOR,35,1014096,DH
2000,Lance Johnson,NYY,36,1006482,DH
2013,Brandon Laird,HOU,25,5476,DH
2018,Victor Martinez,DET,39,393,DH
2013,Jim Adduci,TEX,28,6448,DH
2004,Tim Salmon,ANA,35,32,DH
1990,Billy Jo Robidoux,BOS,26,1011051,DH
1989,Thad Bosley,TEX,32,1001214,DH
2018,Sam Travis,BOS,24,16263,DH
1980,Willie Upshaw,TOR,23,1013293,DH
2022,Mike Ford,- - -,29,15585,DH
2019,Logan Morrison,PHI,31,9205,DH
2002,Luis Ugueto,SEA,23,1400,DH
2020,Matt Beaty,LAD,27,17710,DH
2004,Eduardo Perez,TBD,34,1409,DH
2022,Franmil Reyes,- - -,26,14566,DH
2013,Shelley Duncan,TBR,33,3620,DH
1989,Jim Rice,BOS,36,1010897,DH
2013,Marc Krauss,HOU,25,7577,DH
1980,John Poff,MIL,27,1010411,DH
2006,Jason Phillips,TOR,29,892,DH
1982,Dan Meyer,OAK,29,1008824,DH
2020,Tim Lopes,SEA,26,14137,DH
2006,Adam Melhuse,OAK,34,294,DH
1982,Danny Goodwin,OAK,28,1004864,DH
1988,Jim Adduci,MIL,28,1000069,DH
1982,Dave Engle,MIN,25,1003781,DH
1997,Kevin Mitchell,CLE,35,1009004,DH
1998,Kevin Mitchell,OAK,36,1009004,DH
1984,Benny Ayala,BAL,33,1000383,DH
1990,Matt Stark,CHW,25,1012429,DH
1991,Mike Humphreys,NYY,24,1006187,DH
2022,Frank Schwindel,CHC,30,15351,DH
2019,Hanley Ramirez,CLE,35,8001,DH
1991,Mike Marshall,- - -,31,1008145,DH
2019,Yonder Alonso,- - -,32,2530,DH
2022,Tommy La Stella,SFG,33,12371,DH
2017,Renato Nunez,OAK,23,14503,DH
1981,Joe Charboneau,CLE,26,1002156,DH
2008,Travis Hafner,CLE,31,1573,DH
1980,Orlando Gonzalez,OAK,28,1004842,DH
2016,Prince Fielder,TEX,32,4613,DH
2020,Eric Thames,WSN,33,3711,DH
2004,Jeff Liefer,MIL,29,245,DH
2006,Rondell White,MIN,34,856,DH
2018,Rob Refsnyder,TBR,27,13770,DH
2005,Ken Harvey,KCR,27,604,DH
2022,Miguel Cabrera,DET,39,1744,DH
1983,Broderick Perkins,CLE,28,1010190,DH
2010,Nolan Reimold,BAL,26,3441,DH
2015,Kennys Vargas,MIN,24,12101,DH
1990,Phil Plantier,BOS,21,1010388,DH
1983,Bobby Murcer,NYY,37,1009338,DH
2007,Rocco Baldelli,TBD,25,1656,DH
1995,Chris Sabo,- - -,33,1011357,DH
2021,Ryan O'Hearn,KCR,27,16442,DH
2021,Khris Davis,- - -,33,9112,DH
2020,Miguel Andujar,NYY,25,15878,DH
2005,Eric Munson,TBD,27,481,DH
1980,John Ellis,TEX,31,1003750,DH
1985,Len Matuszek,- - -,30,1008269,DH
2004,Brian Jordan,TEX,37,658,DH
2002,Greg Vaughn,TBD,36,1233,DH
2014,Nick Swisher,CLE,33,4599,DH
1984,Dan Ford,BAL,32,1004216,DH
1996,Kevin Brown,TEX,23,178,DH
2005,Ruben Sierra,NYY,39,1099,DH
1986,Andre David,MIN,28,1003022,DH
1999,Gabe Alvarez,DET,25,1000194,DH
2021,Ryan McBroom,KCR,29,16524,DH
1982,Mickey Hatcher,MIN,27,1005488,DH
2000,Jim Leyritz,- - -,36,1007590,DH
1997,Marc Newfield,MIL,24,1009533,DH
2007,Jay Gibbons,BAL,30,141,DH
1999,Calvin Pickering,BAL,22,208,DH
2010,Brent Lillibridge,CHW,26,3501,DH
1983,Karl Pagel,CLE,28,1009952,DH
2022,Ryan O'Hearn,KCR,28,16442,DH
2020,Edwin Encarnacion,CHW,37,2151,DH
1980,Danny Goodwin,MIN,26,1004864,DH
1987,Johnny Grubb,DET,38,1005103,DH
1997,Sean Casey,CLE,22,314,DH
1988,Bill Buckner,- - -,38,1001625,DH
1998,Andy Tomberlin,DET,31,1013108,DH
2014,Kendrys Morales,- - -,31,8610,DH
1995,Bob Hamelin,KCR,27,1005269,DH
2014,J.P. Arencibia,TEX,28,697,DH
1994,Daryl Boston,NYY,31,1001219,DH
1993,Lee Tinsley,SEA,24,1013077,DH
1998,Juan Samuel,TOR,37,1011400,DH
1997,Eddie Murray,- - -,41,1009386,DH
1983,Bob Jones,TEX,33,1006531,DH
1991,Pat Tabler,TOR,33,1012806,DH
1981,Willie Upshaw,TOR,24,1013293,DH
1991,Rich Rowland,DET,27,1011262,DH
2008,Jose Vidro,SEA,33,802,DH
2010,Rocco Baldelli,TBR,28,1656,DH
1990,Jim Dwyer,MIN,40,1003608,DH
1981,Charlie Beamon,TOR,27,1000710,DH
2008,Robinzon Diaz,- - -,24,3248,DH
2010,Eric Chavez,OAK,32,906,DH
2012,Lew Ford,BAL,35,1724,DH
1983,Casey Parsons,CHW,29,1010027,DH
1980,Doug Ault,TOR,30,1000368,DH
2020,Matt Davidson,CIN,29,7226,DH
1993,Steve Sax,CHW,33,1011481,DH
2009,Chris Shelton,SEA,29,1891,DH
2011,Adam Dunn,CHW,31,319,DH
1981,Joe Rudi,BOS,34,1011283,DH
2005,Michael Ryan,MIN,27,1643,DH
2020,Yoenis Cespedes,NYM,34,13110,DH
1991,Chris James,CLE,28,1006347,DH
1992,Jack Daugherty,TEX,31,1003009,DH
1982,Larry Hisle,MIL,35,1005858,DH
2006,Chad Mottola,TOR,34,1315,DH
2014,Corey Hart,SEA,32,1945,DH
2020,Nick Heath,KCR,26,19577,DH
2001,Dave Hollins,CLE,35,1391,DH
2016,Rusney Castillo,BOS,28,17016,DH
1990,Steve Howard,OAK,26,1006089,DH
2014,Alfonso Soriano,NYY,38,847,DH
2005,Greg Dobbs,SEA,26,2158,DH
2007,Garrett Jones,MIN,26,2714,DH
1995,Sherman Obando,BAL,25,1009675,DH
1985,Lou Thornton,TOR,22,1013039,DH
2019,Kendrys Morales,- - -,36,8610,DH
2014,Alberto Callaspo,OAK,31,3336,DH
1980,Steve Braun,- - -,32,1001366,DH
1983,Al Cowens,SEA,31,1002689,DH
2004,Robert Fick,- - -,30,466,DH
2018,Cheslor Cuthbert,KCR,25,10473,DH
2021,Jacob Nottingham,- - -,26,16448,DH
1993,George Bell,CHW,33,1000808,DH
2022,Brad Miller,TEX,32,12775,DH
1984,Ken Singleton,BAL,37,1012011,DH
1999,Dave Hollins,TOR,33,1391,DH
2022,Cooper Hummel,ARI,27,19458,DH
2007,Shea Hillenbrand,- - -,31,196,DH
1988,Jim Traber,BAL,26,1013150,DH
1982,Leon Roberts,- - -,31,1011040,DH
1980,Mike Heath,OAK,25,1005564,DH
1987,Alan Wiggins,BAL,29,1013931,DH
2021,Ronnie Dawson,HOU,26,19710,DH
2004,Chad Allen,TEX,29,122,DH
2012,Matt LaPorta,CLE,27,2280,DH
2010,Jordan Brown,CLE,26,4121,DH
2020,Matt Thaiss,LAA,25,19318,DH
2001,Quinton McCracken,MIN,30,1377,DH
1992,Hubie Brooks,CAL,35,1001472,DH
2012,Brad Eldred,DET,31,4328,DH
1996,Eddie Williams,DET,31,1013996,DH
2020,Yadiel Hernandez,WSN,32,19334,DH
1995,Dave Winfield,CLE,43,1014127,DH
1990,Jim Walewander,NYY,28,1013506,DH
2003,Bubba Trammell,NYY,31,1057,DH
2011,Donny Lucy,CHW,28,7498,DH
1991,Rodney McCray,CHW,27,1008427,DH
1995,Kevin Maas,MIN,30,1007895,DH
1986,Ron Shepherd,TOR,25,1011867,DH
1984,Ted Simmons,MIL,34,1011986,DH
1998,Kimera Bartee,DET,25,1000622,DH
2000,Ruben Sierra,TEX,34,1099,DH
2020,Taylor Jones,HOU,26,19533,DH
2022,J.J. Matijevic,HOU,26,20165,DH
2006,Justin Huber,KCR,23,3147,DH
1991,Stu Cole,KCR,25,1002437,DH
2022,Richie Palacios,CLE,25,24589,DH
2016,Alex Rodriguez,NYY,40,1274,DH
1999,Gregg Jefferies,DET,31,1006379,DH
1993,Marc Newfield,SEA,20,1009533,DH
2013,Henry Urrutia,BAL,26,14441,DH
1997,Todd Dunn,MIL,26,1003579,DH
2022,Luis Campusano,SDP,23,22217,DH
2000,Justin Baughman,ANA,25,1000682,DH
1980,Chico Walker,BOS,22,1013509,DH
1985,Joe DeSa,CHW,25,1003226,DH
2014,Paul Konerko,CHW,38,242,DH
2006,Howie Clark,BAL,32,1533,DH
2007,Pablo Ozuna,CHW,32,1469,DH
2009,Chris Pettit,LAA,24,3870,DH
2019,Bobby Bradley,CLE,23,17278,DH
1987,Steve Stanicek,MIL,26,1012404,DH
2010,Jose Morales,MIN,27,3726,DH
1989,Terry Francona,MIL,30,1004292,DH
1989,Tom Lawless,TOR,32,1007394,DH
1987,Dave Clark,CLE,24,1002277,DH
1999,Kevin Witt,TOR,23,362,DH
2002,Eric Munson,DET,24,481,DH
1993,Ivan Calderon,- - -,31,1001825,DH
2022,Dominic Smith,NYM,27,15653,DH
1991,Carmen Castillo,MIN,33,1002059,DH
2013,Nolan Reimold,BAL,29,3441,DH
2014,Raul Ibanez,- - -,42,607,DH
1992,Rob Maurer,TEX,25,1008278,DH
1987,Jorge Orta,KCR,36,1009853,DH
1981,Glenn Adams,MIN,33,1000052,DH
1990,Darnell Coles,- - -,28,1002436,DH
2022,Dairon Blanco,KCR,29,19779,DH
1991,Terry Puhl,KCR,34,1010562,DH
2016,Jerry Sands,CHW,28,4016,DH
1992,Randy Bush,MIN,33,1001756,DH
1985,Tom Dunbar,TEX,25,1003551,DH
2004,Michael Ryan,MIN,26,1643,DH
2006,Dan Ortmeier,SFG,25,4694,DH
2020,Pablo Sandoval,- - -,33,5409,DH
2022,Mark Vientos,NYM,22,22184,DH
2014,Jerry Sands,TBR,26,4016,DH
2001,Ken Harvey,KCR,23,604,DH
2004,Ellis Burks,BOS,39,372,DH
1994,Greg Blosser,BOS,23,1001086,DH
1993,Mackey Sasser,SEA,30,1011452,DH
2004,Fred McGriff,TBD,40,293,DH
1993,Paul Carey,BAL,25,1001945,DH
2013,Luke Montz,OAK,29,6601,DH
2000,Jose Ortiz,OAK,23,442,DH
2006,Jorge Piedra,COL,27,2211,DH
2012,Ronny Paulino,BAL,31,2129,DH
2022,Stephen Vogt,OAK,37,5000,DH
2022,Willie Calhoun,- - -,27,17838,DH
1985,Jim Weaver,DET,25,1013701,DH
2022,Nick Plummer,NYM,25,18690,DH
1984,Jim Traber,BAL,22,1013150,DH
2020,Jose Martinez,- - -,31,7996,DH
1982,Randy Bass,- - -,28,1000648,DH
2022,Miguel Andujar,- - -,27,15878,DH
2017,Cesar Puello,- - -,26,7216,DH
1986,Cecil Fielder,TOR,22,1004026,DH
2007,Rondell White,MIN,35,856,DH
1988,Jose Cruz,NYY,40,1002841,DH
2021,David Dahl,TEX,27,13744,DH
1997,Richie Sexson,CLE,22,709,DH
2019,Lucas Duda,KCR,33,2502,DH
1988,Ed Hearn,KCR,27,1005554,DH
2015,Christian Walker,BAL,24,13419,DH
1985,John Cangelosi,CHW,22,1001913,DH
1999,Alfonso Soriano,NYY,23,847,DH
2022,Zack Collins,- - -,27,19181,DH
1986,Tim Tolman,DET,30,1013104,DH
2014,Ryan Raburn,CLE,33,2218,DH
1982,Mickey Rivers,TEX,33,1011005,DH
2020,Greg Garcia,SDP,30,10951,DH
1988,Alexis Infante,TOR,26,1006258,DH
1994,Dale Sveum,SEA,30,1012748,DH
2015,Devin Mesoraco,CIN,27,5666,DH
1990,Chris Hoiles,BAL,25,1005935,DH
2020,Matt Adams,ATL,31,9393,DH
2004,Eric Karros,OAK,36,659,DH
2022,Seth Beer,ARI,25,20493,DH
2016,Preston Tucker,HOU,25,13633,DH
2015,Rickie Weeks Jr.,SEA,32,1849,DH
1989,Mike Young,CLE,29,1014386,DH
1989,Francisco Cabrera,- - -,22,1001807,DH
2022,Kyle Lewis,SEA,26,19508,DH
1992,John Morris,CAL,31,1009220,DH
1985,Dan Ford,BAL,33,1004216,DH
1993,Jerome Walton,CAL,27,1013593,DH
2012,Cord Phelps,CLE,25,8631,DH
1988,Rich Renteria,SEA,26,1010838,DH
1994,Hubie Brooks,KCR,37,1001472,DH
2009,David Dellucci,- - -,35,1402,DH
2004,Simon Pond,TOR,27,1898,DH
1995,Doug Brady,CHW,25,1001326,DH
2008,Jorge Velandia,- - -,33,900,DH
2014,Jason Giambi,CLE,43,818,DH
2005,Tim Olson,COL,26,2087,DH
1989,Bob Brenly,- - -,35,1001386,DH
1995,Riccardo Ingram,MIN,28,1006264,DH
2020,Abraham Toro,HOU,23,19844,DH
2020,Rangel Ravelo,STL,28,10839,DH
2010,J.P. Arencibia,TOR,24,697,DH
1988,Sam Horn,BOS,24,1006029,DH
2019,Matt Skole,CHW,29,12119,DH
1990,Albert Belle,CLE,23,1000802,DH
1980,Randy Johnson,CHW,21,1006494,DH
1988,Scotti Madison,KCR,28,1007955,DH
2010,Jeff Frazier,DET,27,8056,DH
2006,Ruben Sierra,MIN,40,1099,DH
1989,Jeff Stone,- - -,28,1012567,DH
2022,Justin Upton,SEA,34,5222,DH
1987,Brick Smith,SEA,28,1012105,DH
2000,Scott Pose,KCR,33,1010464,DH
2022,Jed Lowrie,OAK,38,4418,DH
2022,Mickey McDonald,OAK,27,20533,DH
1991,Dave Clark,KCR,28,1002277,DH
1981,Darrell Brown,DET,25,1001508,DH
1981,Brian Harper,CAL,21,1005376,DH
1981,Don Werner,TEX,28,1013788,DH
1994,Marc Newfield,SEA,21,1009533,DH
2008,Freddy Sandoval,LAA,25,6863,DH
1984,Broderick Perkins,CLE,29,1010190,DH
2018,Victor Reyes,DET,23,15487,DH
2020,Rob Refsnyder,TEX,29,13770,DH
2016,Yoan Moncada,BOS,21,17232,DH
2011,Cord Phelps,CLE,24,8631,DH
1985,Mike Laga,DET,25,1007253,DH
1987,Billy Jo Robidoux,MIL,23,1011051,DH
1990,Ken Phelps,- - -,35,1010277,DH
1989,Buddy Bell,TEX,37,1000799,DH
1989,Bill Buckner,KCR,39,1001625,DH
1993,Luis Ortiz,BOS,23,1009862,DH
1992,Luis Mercedes,BAL,24,1008776,DH
2017,Jorge Soler,KCR,25,14221,DH
1995,Carlos Delgado,TOR,23,1297,DH
1981,Mitchell Page,OAK,29,1009954,DH
2020,Dawel Lugo,DET,25,14713,DH
2009,Jesus Guzman,SFG,25,3118,DH
2020,Mike Ford,NYY,27,15585,DH
1993,Manny Ramirez,CLE,21,210,DH
1993,Randy Bush,MIN,34,1001756,DH
1984,Paul Molitor,MIL,27,1009040,DH
1988,Luis de los Santos,KCR,21,1003180,DH
1988,Steve Kemp,TEX,33,1006827,DH
2020,Logan Morrison,MIL,32,9205,DH
1984,Pat Putnam,- - -,30,1010577,DH
2022,Yoshi Tsutsugo,PIT,30,27459,DH
1982,Steve Stroughter,SEA,30,1012633,DH
2001,Morgan Burkhart,BOS,29,1745,DH
2013,Jordan Brown,MIA,29,4121,DH
1982,Greg Wells,MIN,28,1013767,DH
1990,Carmen Castillo,MIN,32,1002059,DH
2005,Calvin Pickering,KCR,28,208,DH
1987,Brian Harper,OAK,27,1005376,DH
1996,Greg Pirkl,- - -,25,1010367,DH
2010,Josh Donaldson,OAK,24,5038,DH
2019,Mark Trumbo,BAL,33,6876,DH
1990,Thad Bosley,TEX,33,1001214,DH
1989,Butch Davis,BAL,31,1003040,DH
1988,Jim Morrison,- - -,35,1009212,DH
1993,Larry Sheets,SEA,33,1011852,DH
2020,Willie Calhoun,TEX,25,17838,DH
1981,Mark Budaska,OAK,28,1001626,DH
1982,Len Randle,SEA,33,1010693,DH
2022,Yainer Diaz,HOU,23,23003,DH
2005,Jeff Liefer,CLE,30,245,DH
2022,Brandon Dixon,SDP,30,15214,DH
2004,Adam Riggs,ANA,31,492,DH
1988,Barbaro Garbey,TEX,31,1004491,DH
1982,Daryl Sconiers,CAL,23,1011670,DH
2010,Ken Griffey Jr.,SEA,40,327,DH
1990,Marty Brown,BAL,27,1001543,DH
2010,Matt Mangini,SEA,24,8051,DH
1989,Sam Horn,BOS,25,1006029,DH
1986,Dave Hengel,SEA,24,1005646,DH
1984,Jim Eisenreich,MIN,25,1003719,DH
1991,Kevin Romine,BOS,30,1011173,DH
2000,Edgard Clemente,ANA,24,1002337,DH
2003,Morgan Burkhart,KCR,31,1745,DH
2014,Brennan Boesch,LAA,29,914,DH
1991,Luis de los Santos,DET,24,1003180,DH
2001,Michael Coleman,NYY,25,1002429,DH
2011,Matt Stairs,WSN,43,1384,DH
2003,Carlos Mendez,BAL,29,1716,DH
2015,Allen Craig,BOS,30,3433,DH
2020,Josh Rojas,ARI,26,19734,DH
2008,Mark Sweeney,LAD,38,1408,DH
1993,Greg Pirkl,SEA,22,1010367,DH
2003,Jarrod Patterson,KCR,29,486,DH
1999,Rob Butler,TOR,29,1001783,DH
1980,Ralph Garr,CAL,34,1004554,DH
1980,Gary Gray,CLE,27,1004970,DH
2012,Ryan Lavarnway,BOS,24,8879,DH
2014,Vince Belnome,TBR,26,8126,DH
1988,Dave Hengel,SEA,26,1005646,DH
2009,Russ Adams,TOR,28,4519,DH
1983,Don Money,MIL,36,1009052,DH
1980,Jesus Vega,MIN,24,1013393,DH
1997,Mickey Tettleton,TEX,36,1012939,DH
1998,Joe Vitiello,KCR,28,1748,DH
1989,Chris Hoiles,BAL,24,1005935,DH
2010,Eric Byrnes,SEA,34,905,DH
1986,Luis Salazar,CHW,30,1011378,DH
1985,Rusty Kuntz,DET,30,1007212,DH
2008,Eider Torres,BAL,25,2905,DH
1985,Scott Bradley,NYY,25,1001315,DH
1980,Willie Norwood,MIN,29,1009648,DH
1981,Tim Hosley,OAK,34,1006042,DH
1983,Mike Laga,DET,23,1007253,DH
2013,Ben Francisco,NYY,31,4677,DH
2003,Dean Palmer,DET,34,482,DH
2012,Hideki Matsui,TBR,38,1659,DH
1990,Greg Walker,- - -,30,1013520,DH
2010,Trevor Plouffe,MIN,24,7462,DH
2022,Elier Hernandez,TEX,27,13750,DH
1987,Doug Frobel,CLE,28,1004371,DH
1990,Rich Rowland,DET,26,1011262,DH
1999,Chris Pritchett,ANA,29,1010541,DH
1995,Joe Hall,DET,29,1005255,DH
2014,Guilder Rodriguez,TEX,30,3412,DH
1991,Jeff McKnight,BAL,28,1008600,DH
1980,Rich Gedman,BOS,20,1004592,DH
2020,Josh Phegley,CHC,32,9308,DH
2022,Alex Dickerson,ATL,32,12649,DH
1994,Darren Bragg,SEA,24,83,DH
2015,Marc Krauss,- - -,27,7577,DH
1998,Warren Newson,TEX,33,1009549,DH
1985,Joe Nolan,BAL,34,1009617,DH
1987,Casey Parsons,CLE,33,1010027,DH
1994,Luis Ortiz,BOS,24,1009862,DH
1983,Bob Molinaro,- - -,33,1009039,DH
1989,Pete Dalena,CLE,29,1002939,DH
2003,Jose Morban,BAL,23,1682,DH
2022,Brent Rooker,- - -,27,19627,DH
2019,A.J. Reed,CHW,26,16246,DH
1995,Derrick White,DET,25,1013863,DH
1981,Ken Phelps,KCR,26,1010277,DH
1988,Randy Kutcher,BOS,28,1007222,DH
2010,Randy Ruiz,TOR,32,2761,DH
2016,Joey Gallo,TEX,22,14128,DH
2003,Pete LaForest,TBD,25,1821,DH
1990,Brian Dorsett,NYY,29,1003416,DH
1980,Manny Castillo,KCR,23,1002065,DH
1991,Rob Maurer,TEX,24,1008278,DH
1981,Garry Hancock,BOS,27,1005294,DH
1999,Mark Dalesandro,TOR,31,1002940,DH
1995,Wes Chamberlain,BOS,29,1002126,DH
1990,George Canale,MIL,24,1001903,DH
2014,Jason Bartlett,MIN,34,8219,DH
2020,Hunter Pence,SFG,37,8252,DH
1986,Fred McGriff,TOR,22,293,DH
1986,Kelly Paris,BAL,28,1009994,DH
2006,Antonio Perez,OAK,26,1708,DH
1990,Bill Haselman,TEX,24,1254,DH
1996,Rikkert Faneyte,TEX,27,1003920,DH
2003,Jonny Gomes,TBD,22,1845,DH
2015,Terrance Gore,KCR,24,13658,DH
2007,Donny Lucy,CHW,24,7498,DH
1996,Mike Robertson,CHW,25,1011041,DH
2003,Ron Gant,OAK,38,1032,DH
1987,Rich Renteria,SEA,25,1010838,DH
2006,Kevin Witt,TBD,30,362,DH
1982,Butch Hobson,NYY,30,1005872,DH
2020,Abraham Almonte,SDP,31,5486,DH
1986,Brian Harper,DET,26,1005376,DH
2007,Josh Rabe,MIN,28,3007,DH
1987,Andre Thornton,CLE,37,1013037,DH
2022,Donny Sands,PHI,26,18603,DH
2001,John Jaha,OAK,35,1006336,DH
2001,Eric Valent,PHI,24,1629,DH
2022,Robinson Cano,- - -,39,3269,DH
1988,Mike Felder,MIL,26,1003970,DH
1989,Dave Hengel,CLE,27,1005646,DH
2001,Harold Baines,CHW,42,1000434,DH
2009,Niuman Romero,CLE,24,5063,DH
2014,Jesus Aguilar,CLE,24,11342,DH
2021,Nick Williams,CHW,27,14330,DH
2004,Val Majewski,BAL,23,4851,DH
2021,Todd Frazier,PIT,35,785,DH
1993,Mark Leonard,BAL,28,1007537,DH
1997,Darryl Strawberry,NYY,35,1012606,DH
1995,Sam Horn,TEX,31,1006029,DH
1980,Randy Elliott,OAK,29,1003743,DH
2003,Matt Diaz,TBD,25,1771,DH
1988,Scott Lusader,DET,23,1007844,DH
2003,Mike Lamb,TEX,27,1258,DH
2017,Cody Asche,CHW,27,11997,DH
1985,Ron Shepherd,TOR,24,1011867,DH
2000,Carlos Casimiro,BAL,23,1002046,DH
2020,Christian Colon,CIN,31,11145,DH
1992,Dave Henderson,OAK,33,1005630,DH
1988,Kevin Reimer,TEX,24,1010807,DH
2007,Matthew LeCroy,MIN,31,1456,DH
1992,Luis Quinones,MIN,30,1010614,DH
1991,Tony Bernazard,DET,34,1000889,DH
1983,Rod Allen,SEA,23,1000158,DH
1986,Ricky Nelson,SEA,27,1009509,DH
2014,Billy Burns,OAK,24,12701,DH
1992,Bernardo Brito,MIN,28,1001444,DH
1986,Alejandro Sanchez,MIN,27,1011404,DH
2009,Cliff Floyd,SDP,36,518,DH
1989,Greg Myers,TOR,23,933,DH
2020,Zack Collins,CHW,25,19181,DH
2011,Chris Carter,OAK,24,9911,DH
1990,Ozzie Canseco,OAK,25,1001919,DH
1999,David Ortiz,MIN,23,745,DH
1988,Larry See,TEX,28,1011717,DH
2008,Jason Pridie,MIN,24,4611,DH
2008,Elliot Johnson,TBR,24,4751,DH
1983,Otto Velez,CLE,32,1013399,DH
1998,Pete Incaviglia,- - -,34,1006257,DH
1990,Steve Springer,CLE,29,1012364,DH
2017,Terrance Gore,KCR,26,13658,DH
1998,Mike Robertson,ARI,27,1011041,DH
2001,Glenallen Hill,ANA,36,1005820,DH
2017,Steve Selsky,BOS,27,12957,DH
2005,Scott Spiezio,SEA,32,37,DH
2007,Angel Berroa,KCR,29,591,DH
2017,Francisco Mejia,CLE,21,16403,DH
2021,Curtis Terry,TEX,24,18881,DH
2020,Derek Hill,DET,24,16947,DH
2001,Jose Fernandez,ANA,26,1003998,DH
1989,Dean Palmer,TEX,20,482,DH
1980,Dan Gonzales,DET,26,1004829,DH
1983,Marshall Brant,OAK,27,1001359,DH
1983,Dave Hudgens,OAK,26,1006129,DH
1991,Shawn Hare,DET,24,1005355,DH
1989,Danny Sheaffer,CLE,27,1011829,DH
1991,Mark Salas,DET,30,1011376,DH
2022,Terrance Gore,NYM,31,13658,DH
2020,Ryon Healy,MIL,28,15447,DH
1996,Raul Ibanez,SEA,24,607,DH
1981,Mike Davis,OAK,22,1003070,DH
2013,Travis Ishikawa,- - -,29,4793,DH
2002,Pedro Swann,TOR,31,1323,DH
2004,Greg Colbrunn,ARI,34,51,DH
2019,Miguel Andujar,NYY,24,15878,DH
1999,Dee Brown,KCR,21,593,DH
1999,Shane Monahan,SEA,24,1009047,DH
1988,Rod Allen,CLE,28,1000158,DH
1991,John Russell,TEX,30,1011317,DH
2016,Renato Nunez,OAK,22,14503,DH
2010,Ryan Garko,TEX,29,6319,DH
2019,Dustin Pedroia,BOS,35,8370,DH
2005,Curtis Pride,LAA,36,1762,DH
2013,Chris Marrero,WSN,24,2852,DH
1985,John Lowenstein,BAL,38,1007790,DH
1996,Jorge Posada,NYY,24,841,DH
2020,Kevin Cron,ARI,27,16211,DH
1997,Vince Coleman,DET,35,1002433,DH
2005,Scott Hairston,ARI,25,1926,DH
2004,Jonny Gomes,TBD,23,1845,DH
1998,Derrick White,- - -,28,1013863,DH
1994,Eric Wedge,BOS,26,1013723,DH
1992,Shawn Jeter,CHW,26,1006406,DH
1990,Rodney McCray,CHW,26,1008427,DH
1985,Scotti Madison,DET,25,1007955,DH
2013,Jemile Weeks,OAK,26,2498,DH
1991,Luis Medina,CLE,28,1008715,DH
1988,Sap Randall,CHW,27,1010691,DH
1992,Mike Humphreys,NYY,25,1006187,DH
1983,Wil Culmer,CLE,25,1002866,DH
1988,Wade Rowdon,BAL,27,1011251,DH
2007,Justin Huber,KCR,24,3147,DH
2012,Luis Jimenez,SEA,30,2602,DH
2018,Jarrod Saltalamacchia,DET,33,5557,DH
1993,Chito Martinez,BAL,27,1008159,DH
2000,Karim Garcia,- - -,24,1537,DH
1990,Tom Lawless,TOR,33,1007394,DH
2012,Mike Costanzo,CIN,28,3533,DH
2006,Jack Hannahan,DET,26,3692,DH
2022,Tim Beckham,MIN,32,7949,DH
2020,Ryan Goins,CHW,32,9807,DH
1996,Shannon Penn,DET,26,1010162,DH
2000,Chan Perry,CLE,27,1567,DH
1998,Mark Johnson,ANA,30,1376,DH
1998,Dave Silvestri,TBD,30,1011972,DH
2002,Dean Palmer,DET,33,482,DH
1985,Dan Meyer,OAK,32,1008824,DH
2011,Manny Ramirez,TBR,39,210,DH
2012,Stephen Vogt,TBR,27,5000,DH
1993,Matt Merullo,CHW,27,1008797,DH
1985,Leo Hernandez,BAL,25,1005707,DH
1980,Marshall Brant,NYY,24,1001359,DH
1981,Kim Allen,SEA,28,1000151,DH
1981,Jimmy Sexton,OAK,29,1011773,DH
1982,Pedro Hernandez,TOR,23,1005709,DH
1982,Vance McHenry,SEA,25,1008565,DH
1982,Dave Stegman,NYY,28,1012460,DH
1982,Mike Young,BAL,22,1014386,DH
1983,Rusty McNealy,OAK,24,1008665,DH
1984,Dave Leeper,KCR,24,1007463,DH
1984,Geno Petralli,TOR,24,1010244,DH
1984,Ron Shepherd,TOR,23,1011867,DH
1985,Kelly Paris,BAL,27,1009994,DH
1986,Scotti Madison,DET,26,1007955,DH
1986,Dwight Taylor,KCR,26,1012868,DH
1987,Alejandro Sanchez,OAK,28,1011404,DH
1988,Lance Blankenship,OAK,24,1001052,DH
1988,Ed Jurak,OAK,30,1006651,DH
1989,Juan Bell,BAL,21,1000813,DH
1989,La Vel Freeman,MIL,26,1004324,DH
1989,Kevin Reimer,TEX,25,1010807,DH
1989,Jim Wilson,SEA,28,1014090,DH
1990,Juan Bell,BAL,22,1000813,DH
1990,Terry Francona,MIL,31,1004292,DH
1990,Ozzie Virgil,TOR,33,1013439,DH
1991,Shane Turner,BAL,28,1013232,DH
1993,Shawn Green,TOR,20,651,DH
1994,Tom Goodwin,KCR,25,1114,DH
1996,Phil Clark,BOS,28,1002303,DH
1997,Mike Figga,NYY,26,1004034,DH
1997,Giomar Guevara,SEA,24,1005123,DH
1998,Dee Brown,KCR,20,593,DH
2000,Kenny Kelly,TBD,21,1084,DH
2000,Gary Gaetti,BOS,41,1004422,DH
2001,Scott Seabol,NYY,26,846,DH
2001,Henry Rodriguez,NYY,33,1427,DH
2001,Jermaine Clark,DET,24,1664,DH
2002,Ron Wright,SEA,26,1103,DH
2003,Bill Haselman,BOS,37,1254,DH
2003,Chad Meyers,SEA,27,1787,DH
2003,Jamal Strong,SEA,24,1820,DH
2004,Andres Torres,DET,26,1488,DH
2005,Brandon Phillips,CLE,24,791,DH
2005,Ryan Garko,CLE,24,6319,DH
2006,Yurendell DeCaster,PIT,26,2329,DH
2006,Mike Rabelo,DET,26,3693,DH
2008,Ryan Roberts,TEX,27,5653,DH
2009,Ryan Budde,LAA,29,3768,DH
2013,Danny Worth,DET,27,198,DH
2013,Wilson Betemit,BAL,31,1861,DH
2013,Freddy Guzman,TBR,32,2162,DH
2013,Dan Johnson,BAL,33,2167,DH
2014,Corey Brown,BOS,28,2650,DH
2014,Lane Adams,KCR,24,10767,DH
2015,Garin Cecchini,BOS,24,11608,DH
2016,Michael Morse,PIT,34,3035,DH
2016,Eric Young Jr.,NYY,31,7158,DH
2016,Dalton Pompey,TOR,23,12797,DH
2016,Terrance Gore,KCR,25,13658,DH
2017,David Washington,BAL,26,12110,DH
2017,A.J. Reed,HOU,24,16246,DH
2019,Yasmany Tomas,ARI,28,17171,DH
2020,Terrance Gore,LAD,29,13658,DH
2020,Yermin Mercedes,CHW,27,17423,DH
2020,Seth Brown,OAK,27,18171,DH
2021,Sean Kazmar jr.,ATL,36,7349,DH
2022,Tony Wolters,LAD,30,11470,DH
2022,Travis Shaw,BOS,32,11982,DH
2022,Luis Liberato,SDP,26,17307,DH
2022,Josh Lester,DET,27,17737,DH
2022,Travis Blankenhorn,NYM,25,18395,DH
2022,Ronnie Dawson,CIN,27,19710,DH